"","year","week","pathogen","Total","A00..04","A05..09","A10..14","A15..19","A20..24","A25..29","A30..34","A35..39","A40..44","A45..49","A50..54","A55..59","A60..64","A65..69","A70..74","A75..79","A80+"
"1",2016,1,"flu",0.4,2.16,0.89,0.24,0.29,0.39,0.34,0.33,0.51,0.41,0.35,0.23,0.26,0.17,0.18,0.3,0.11,0.14
"2",2016,2,"flu",0.7,3.17,2.35,0.49,0.55,0.52,0.63,0.57,0.59,0.89,0.64,0.63,0.45,0.34,0.44,0.16,0.16,0.1
"3",2016,3,"flu",1.33,6.36,6.45,2.09,1.08,0.5,1.19,1.03,1.29,1.33,0.78,0.73,0.77,0.62,0.31,0.38,0.39,0.18
"4",2016,4,"flu",2.72,13.82,11.59,4.62,1.82,1.07,1.71,2.74,2.87,2.65,2.12,1.7,1.54,1.17,0.66,0.6,0.46,0.47
"5",2016,5,"flu",3.65,16.88,13.59,5.68,2.9,1.7,2.59,3.6,3.86,3.09,3.16,2.36,2.62,1.82,1.32,1.04,1.15,0.71
"6",2016,6,"flu",3.83,18.32,15.41,4.89,3.02,1.77,3.17,3.75,4.17,3.4,2.92,2.46,2.41,1.97,1.21,1.37,1.1,0.57
"7",2016,7,"flu",5.38,24.05,22.52,6.52,3.9,2.73,4.27,5.56,4.73,4.98,4.73,3.94,3.89,2.92,1.8,1.34,1.01,1.13
"8",2016,8,"flu",7.69,31.98,31.6,13.67,7.23,3.89,5.53,7.64,7.75,6.76,5.94,4.97,4.95,3.52,2.54,2.65,1.91,1.84
"9",2016,9,"flu",9.35,34.3,42.28,18.51,10.51,4.74,8.03,9.14,8.48,7.57,6.82,6.27,4.89,4.3,3.16,3.26,2.71,1.54
"10",2016,10,"flu",12.16,44.1,58.44,25.88,14.97,6.71,9.78,11.82,10.84,8.9,7.87,7.02,6.51,5.4,4.03,4.27,3.17,2.14
"11",2016,11,"flu",13.55,47.03,61.18,28.65,18.97,7.56,11.11,13.74,12.3,10.33,8.9,7.25,7.75,6.1,4.41,4.87,4.28,2.75
"12",2016,12,"flu",10.78,39.04,43,22.73,13.96,7.8,9.52,11.61,8.82,7.98,7.04,5.77,5.63,5.25,4.36,4.51,4.07,2.61
"13",2016,13,"flu",7.33,29.37,26.76,10.52,7.23,5.14,7.21,7.87,6.27,5.54,4.71,3.82,3.83,3.64,3.46,5.17,3.82,3.36
"14",2016,14,"flu",5.46,19.95,15.88,6.42,5.2,4.2,6.24,6.95,5.48,4.02,3.75,3.19,3.65,3.48,2.94,3.94,2.64,2.12
"15",2016,15,"flu",3.1,12.01,11.57,5.19,3.35,2.21,2.96,3.62,2.51,2.16,1.79,1.6,1.66,1.72,1.45,1.91,1.49,1.15
"16",2016,16,"flu",1.73,6.42,7.83,3.67,2.47,1.03,1.3,1.78,1.15,1.37,1.05,0.8,0.77,0.59,0.96,0.93,0.78,0.38
"17",2016,17,"flu",1.09,4.21,5.31,2.64,1.41,0.63,0.97,0.86,0.81,0.75,0.43,0.44,0.55,0.53,0.5,0.41,0.37,0.36
"18",2016,18,"flu",0.52,1.97,2.57,0.98,0.41,0.37,0.37,0.59,0.51,0.29,0.3,0.14,0.24,0.36,0.2,0.27,0.25,0.2
"19",2016,19,"flu",0.49,1.17,2.91,0.98,0.38,0.35,0.35,0.46,0.45,0.44,0.29,0.26,0.29,0.25,0.22,0.25,0.25,0.12
"20",2016,20,"flu",0.15,0.51,0.42,0.19,0.12,0,0.2,0.17,0.04,0.21,0.18,0.06,0.05,0.11,0.11,0.08,0.05,0.18
"21",2016,21,"flu",0.08,0.48,0.19,0.19,0,0.09,0.06,0.06,0.04,0,0.05,0.04,0.05,0.04,0.04,0.05,0.05,0.02
"22",2016,22,"flu",0.12,0.13,1.08,0.82,0.05,0,0.02,0.04,0.02,0.06,0.05,0,0.05,0.02,0.11,0.03,0.02,0.04
"23",2016,23,"flu",0.03,0.13,0.03,0.05,0,0.04,0,0.04,0.02,0,0.05,0,0.03,0,0.04,0.03,0.05,0
"24",2016,24,"flu",0.02,0.03,0.08,0,0,0,0,0.02,0,0.04,0.03,0.01,0,0,0,0.05,0.02,0
"25",2016,25,"flu",0.01,0.08,0,0,0,0,0.02,0.04,0.02,0,0.02,0.01,0,0,0,0.05,0,0
"26",2016,26,"flu",0.02,0.08,0.03,0,0.02,0.02,0.02,0.02,0,0.04,0,0.01,0,0.02,0,0,0.02,0.04
"27",2016,27,"flu",0,0,0.03,0.03,0,0,0,0,0,0.02,0,0.01,0.02,0,0,0,0.02,0
"28",2016,28,"flu",0.01,0.03,0.03,0,0,0.04,0.02,0.06,0,0,0,0,0,0.02,0,0,0,0
"29",2016,29,"flu",0.01,0,0.03,0,0,0,0,0,0,0.02,0.03,0.01,0,0.02,0,0,0.05,0.02
"30",2016,30,"flu",0.03,0.11,0.17,0.03,0,0,0,0,0.02,0.04,0.06,0.01,0.02,0.02,0.02,0,0,0
"31",2016,31,"flu",0,0.03,0.03,0,0,0,0.04,0,0.04,0,0,0,0,0,0,0.03,0,0.02
"32",2016,32,"flu",0,0.11,0,0,0,0.02,0.02,0,0,0,0,0,0,0,0,0,0,0
"33",2016,33,"flu",0,0.05,0,0.03,0,0.04,0,0,0,0,0,0,0.03,0.02,0,0,0,0
"34",2016,34,"flu",0.01,0.11,0,0,0.02,0,0,0.02,0,0,0,0.01,0.02,0,0,0,0.05,0.02
"35",2016,35,"flu",0.01,0.05,0,0.03,0,0,0.06,0,0.02,0.02,0,0,0.02,0,0,0,0.02,0
"36",2016,36,"flu",0.02,0.05,0.03,0,0.02,0.02,0.02,0.02,0,0,0,0.01,0.05,0,0.02,0,0,0.02
"37",2016,37,"flu",0.02,0.11,0.03,0.03,0,0,0,0.02,0.02,0.02,0.05,0.03,0,0,0,0.03,0,0
"38",2016,38,"flu",0.02,0.16,0,0,0.02,0,0.04,0.04,0.02,0.04,0.03,0.01,0,0,0.07,0,0,0
"39",2016,39,"flu",0.03,0.05,0.03,0.03,0.02,0,0.02,0,0.02,0.04,0.06,0.04,0.06,0,0.09,0,0.02,0
"40",2016,40,"flu",0.04,0.11,0,0.03,0.02,0.09,0.07,0.02,0.02,0.02,0.08,0.03,0.02,0.08,0,0.05,0.05,0.02
"41",2016,41,"flu",0.04,0.13,0.03,0.03,0.05,0.04,0.04,0.02,0,0.02,0.03,0.07,0.05,0.02,0,0.11,0.07,0.06
"42",2016,42,"flu",0.05,0.19,0.06,0.03,0.05,0.04,0.06,0,0,0.02,0.06,0.06,0.02,0.04,0.04,0.08,0.05,0.08
"43",2016,43,"flu",0.05,0.08,0.06,0.11,0.12,0.04,0.02,0.02,0.02,0.02,0.02,0.09,0.08,0.02,0.02,0.05,0.02,0.04
"44",2016,44,"flu",0.07,0.21,0.03,0.08,0.05,0.04,0.04,0.06,0.1,0.04,0.03,0.06,0.1,0.09,0.02,0.05,0.14,0.08
"45",2016,45,"flu",0.06,0.13,0.14,0.11,0.02,0.07,0.02,0.02,0.06,0.04,0.05,0.09,0.05,0.02,0.04,0.08,0.02,0.06
"46",2016,46,"flu",0.12,0.24,0.25,0.16,0.29,0.11,0.07,0.06,0.06,0.08,0.14,0.06,0.18,0.09,0.15,0.03,0.07,0.1
"47",2016,47,"flu",0.19,0.56,0.44,0.38,0.29,0.13,0.13,0.11,0.2,0.15,0.08,0.09,0.16,0.11,0.2,0.16,0.16,0.16
"48",2016,48,"flu",0.23,0.67,0.47,0.6,0.36,0.13,0.15,0.08,0.24,0.17,0.21,0.14,0.13,0.17,0.24,0.16,0.09,0.28
"49",2016,49,"flu",0.43,1.28,1,1.66,0.86,0.31,0.26,0.27,0.14,0.27,0.21,0.29,0.35,0.17,0.18,0.47,0.23,0.32
"50",2016,50,"flu",1.02,3.3,2.38,2.85,2.3,0.63,0.58,0.44,0.55,0.83,0.56,0.74,0.74,0.59,0.53,0.47,0.67,0.95
"51",2016,51,"flu",1.69,3.54,3.51,4.05,3.28,0.85,0.82,0.94,1.11,1.14,1.25,1.16,1.54,1.25,1.4,1.81,1.29,1.98
"52",2016,52,"flu",2.06,3.49,2.85,3.56,2.51,1.05,1.02,1.05,1.19,1.58,1.33,1.56,1.78,1.67,2.04,2.27,2.32,5.2
"53",2016,1,"rsv",0.05,0.96,0.06,0,0,0.02,0,0,0,0,0,0,0,0,0,0,0,0
"54",2016,2,"rsv",0.06,1.17,0,0.03,0.02,0.04,0,0,0.02,0,0.02,0,0,0,0,0.03,0,0
"55",2016,3,"rsv",0.11,2.1,0.11,0.05,0,0,0,0,0,0,0,0.01,0.02,0,0.02,0,0,0
"56",2016,4,"rsv",0.11,2.08,0.11,0.08,0.02,0,0.04,0.02,0,0,0,0.03,0,0,0,0,0,0
"57",2016,5,"rsv",0.14,2.9,0.03,0.03,0,0,0,0.02,0,0.04,0.02,0,0.03,0,0.02,0,0,0
"58",2016,6,"rsv",0.17,3.46,0.06,0.03,0.02,0,0,0.04,0.02,0,0,0.01,0.02,0,0,0,0,0.04
"59",2016,7,"rsv",0.2,3.86,0.08,0,0.02,0.04,0,0,0.1,0.02,0.03,0.01,0.05,0.04,0.04,0,0.05,0
"60",2016,8,"rsv",0.17,3.01,0.14,0.08,0.02,0.02,0.02,0,0.04,0.04,0.02,0.03,0.02,0.04,0,0,0,0.06
"61",2016,9,"rsv",0.22,4.18,0.11,0.11,0.05,0,0.02,0.04,0.04,0,0,0.04,0.03,0.02,0.04,0.03,0.02,0.04
"62",2016,10,"rsv",0.14,2.56,0.14,0.03,0.02,0,0,0.04,0.02,0,0,0,0.03,0.04,0.04,0.03,0.02,0.02
"63",2016,11,"rsv",0.13,2.53,0.11,0.03,0,0.02,0,0,0.02,0,0,0.03,0.02,0,0.02,0,0.05,0.04
"64",2016,12,"rsv",0.1,1.92,0.03,0.03,0.02,0,0.02,0,0,0.02,0,0,0,0,0,0.03,0.05,0.02
"65",2016,13,"rsv",0.07,1.33,0.06,0,0,0,0,0,0,0,0,0,0.02,0,0,0.05,0.02,0.02
"66",2016,14,"rsv",0.09,1.52,0.06,0.08,0.02,0,0,0,0.02,0.02,0,0.01,0.03,0,0.02,0,0.02,0.04
"67",2016,15,"rsv",0.08,1.23,0.17,0.05,0.05,0,0,0,0.02,0.04,0.02,0,0.03,0.04,0.02,0.05,0,0.02
"68",2016,16,"rsv",0.03,0.51,0.03,0.03,0.02,0,0,0,0.02,0,0,0,0,0,0,0,0,0
"69",2016,17,"rsv",0.02,0.45,0,0.03,0,0,0.02,0,0,0,0,0,0,0,0,0,0.02,0
"70",2016,18,"rsv",0.02,0.32,0.06,0,0,0,0,0,0,0,0,0.01,0,0,0,0,0,0
"71",2016,19,"rsv",0.02,0.29,0,0.03,0,0,0,0,0,0,0,0,0,0.02,0,0,0,0
"72",2016,20,"rsv",0,0.13,0,0,0,0,0,0,0,0,0,0,0,0,0,0,0,0
"73",2016,21,"rsv",0.01,0.24,0,0,0,0,0,0,0,0,0,0,0,0,0,0,0,0
"74",2016,22,"rsv",0,0.05,0,0,0,0,0,0,0,0,0,0,0,0,0,0,0,0
"75",2016,23,"rsv",0,0.03,0.06,0,0,0,0,0,0,0,0.02,0,0,0,0,0,0,0
"76",2016,24,"rsv",0.01,0.19,0.03,0,0,0,0,0,0,0,0,0,0,0,0,0,0.02,0
"77",2016,25,"rsv",0,0.13,0,0,0,0,0,0,0,0,0,0,0,0,0,0,0,0
"78",2016,26,"rsv",0,0,0,0,0,0,0,0,0,0,0,0,0,0,0,0,0,0
"79",2016,27,"rsv",0,0.05,0,0,0,0,0,0,0,0,0,0,0,0,0,0,0,0
"80",2016,28,"rsv",0,0.03,0,0,0,0,0,0,0,0,0,0,0,0,0,0,0,0
"81",2016,29,"rsv",0,0.03,0,0,0,0,0,0,0,0,0,0,0,0,0,0,0,0
"82",2016,30,"rsv",0,0,0,0,0,0,0,0,0,0,0,0,0,0,0,0,0,0
"83",2016,31,"rsv",0,0.03,0,0.03,0,0,0,0,0,0,0,0,0,0,0,0,0,0
"84",2016,32,"rsv",0,0,0,0.03,0,0,0,0,0,0,0,0,0,0,0,0,0,0
"85",2016,33,"rsv",0,0,0,0,0,0,0,0,0,0,0,0,0,0,0,0,0,0
"86",2016,34,"rsv",0,0.03,0.03,0,0,0,0,0.02,0,0,0,0,0,0,0,0,0,0
"87",2016,35,"rsv",0,0.05,0,0,0,0,0,0,0,0,0,0,0,0,0,0,0,0
"88",2016,36,"rsv",0,0.05,0,0,0,0,0,0,0,0,0,0,0,0,0,0,0,0
"89",2016,37,"rsv",0,0.03,0,0,0,0,0,0,0,0,0,0,0,0,0,0,0,0
"90",2016,38,"rsv",0,0.08,0,0,0,0,0,0,0,0,0,0,0,0,0,0,0,0
"91",2016,39,"rsv",0,0.03,0,0,0,0,0,0,0,0,0,0,0,0.02,0,0,0,0
"92",2016,40,"rsv",0,0,0,0,0,0,0,0,0,0,0,0,0,0,0,0,0,0
"93",2016,41,"rsv",0,0.05,0,0,0,0,0,0,0,0,0,0,0,0,0,0,0,0
"94",2016,42,"rsv",0,0.11,0.03,0,0,0,0,0,0,0,0,0,0,0,0,0,0,0
"95",2016,43,"rsv",0,0.21,0,0,0,0,0,0,0,0,0,0,0,0,0,0,0,0
"96",2016,44,"rsv",0.01,0.24,0,0.03,0,0,0,0,0,0,0,0,0,0,0.02,0,0,0
"97",2016,45,"rsv",0.01,0.24,0.03,0,0,0,0,0,0,0,0,0,0,0,0,0,0,0
"98",2016,46,"rsv",0.02,0.45,0.03,0,0,0,0,0,0,0,0,0,0,0,0,0,0,0
"99",2016,47,"rsv",0.05,1.01,0,0.03,0,0,0,0,0,0,0,0,0,0,0,0,0,0
"100",2016,48,"rsv",0.1,2.21,0.03,0,0,0,0,0,0.02,0,0,0,0,0,0,0,0,0.02
"101",2016,49,"rsv",0.13,2.58,0.11,0,0.02,0,0,0,0,0,0,0.01,0.02,0,0,0,0.05,0
"102",2016,50,"rsv",0.22,4.42,0.25,0.11,0,0,0,0,0.02,0,0,0.03,0.02,0.02,0,0.03,0,0
"103",2016,51,"rsv",0.26,5.19,0.19,0.08,0.05,0,0,0,0.02,0,0,0,0,0,0.07,0,0.02,0.02
"104",2016,52,"rsv",0.2,4.15,0.11,0,0.02,0,0,0.02,0,0,0,0,0,0,0,0.03,0,0.02
"105",2017,1,"flu",2.41,4.48,2.47,1.82,2.11,1.87,1.47,1.6,1.78,1.98,2.27,2.21,2.17,2.12,2.14,3.04,3.42,4.83
"106",2017,2,"flu",4.36,7.31,5.93,5.56,5.22,3.3,2.69,2.75,2.74,3.29,3.7,3.5,3.85,4.16,3.41,4.01,5.29,9.56
"107",2017,3,"flu",7.24,16.65,15.64,13.65,10.8,4.26,3.62,4.32,4.56,5.08,6.2,5.88,5.76,5.11,4.6,5.61,7.5,11.41
"108",2017,4,"flu",12.17,24.41,25.5,27.93,18.28,7.23,5.99,7.9,8.44,9.35,9.66,10.46,11.31,8.72,6.98,8.41,10.9,17.19
"109",2017,5,"flu",17.31,30.6,30.9,33.99,25.7,9.36,9.87,11.22,12.65,13.02,15.42,15.25,15.24,14.55,11.79,15.07,17.06,25.96
"110",2017,6,"flu",20.12,38.04,30.14,29.15,22,11.75,12.68,14.03,15.95,16.21,18.19,17.69,19.19,16.73,14.74,19.56,24.3,32.55
"111",2017,7,"flu",17.9,39.11,25.2,18.87,17.27,10.05,11.25,12.67,13.83,14.04,16.02,16.25,18.72,17.32,13.78,17.59,19.82,29.84
"112",2017,8,"flu",14.48,27.84,18.61,14.5,12.13,6.97,8.78,10.3,10.99,11.1,11.77,13.73,15.15,13.98,11.45,14.36,18.62,30.11
"113",2017,9,"flu",7.47,15.22,12.08,7.03,6.1,3.02,3.94,5.15,5.29,5.5,6.3,7.15,7.24,7.23,6.45,7.3,10.5,14.61
"114",2017,10,"flu",4.1,8.33,6.18,4.86,3.33,2.08,2.58,2.64,3.01,3.02,3.68,3.87,4.35,3.98,3.48,3.98,4.72,7.18
"115",2017,11,"flu",2.07,3.43,3.43,2.12,1.89,1.06,1,1.47,1.53,1.94,1.83,2.01,2.04,2.17,1.91,1.96,2.69,3.49
"116",2017,12,"flu",1.28,2.47,2.44,1.6,1,0.48,0.79,0.89,0.79,1.04,1.07,1.13,1.3,1.17,1.06,1.41,1.42,2.35
"117",2017,13,"flu",0.76,1.98,1.26,1.03,0.51,0.17,0.24,0.57,0.6,0.85,0.72,0.75,0.73,0.97,0.68,0.55,0.8,0.93
"118",2017,14,"flu",0.48,1.22,1.4,0.84,0.44,0.13,0.15,0.3,0.25,0.33,0.27,0.44,0.42,0.39,0.4,0.33,0.52,0.81
"119",2017,15,"flu",0.2,0.47,0.55,0.19,0.34,0.09,0.08,0.15,0.1,0.1,0.15,0.21,0.16,0.2,0.13,0.17,0.19,0.25
"120",2017,16,"flu",0.12,0.18,0.08,0.19,0.05,0.07,0.04,0.04,0.1,0.04,0.1,0.1,0.14,0.11,0.13,0.3,0.24,0.19
"121",2017,17,"flu",0.15,0.29,0.33,0.57,0.1,0.07,0.06,0.11,0.15,0.21,0.07,0.1,0.09,0.11,0.15,0.06,0.17,0.19
"122",2017,18,"flu",0.12,0.31,0.38,0.11,0.17,0.07,0.02,0.06,0.06,0.02,0.12,0.11,0.16,0.09,0.13,0.08,0.07,0.23
"123",2017,19,"flu",0.13,0.49,0.16,0.27,0.12,0.04,0.04,0.08,0.15,0.04,0.07,0.1,0.09,0.13,0.13,0.08,0.19,0.17
"124",2017,20,"flu",0.09,0.18,0.19,0.14,0.1,0.02,0.04,0.08,0.02,0.06,0.13,0.04,0.09,0.09,0.08,0.11,0.12,0.08
"125",2017,21,"flu",0.04,0.16,0.16,0.03,0.05,0,0,0.02,0.02,0.02,0.05,0.03,0.03,0.04,0,0,0.05,0.06
"126",2017,22,"flu",0.04,0.1,0.08,0.03,0.05,0.04,0.04,0.08,0.06,0,0,0.04,0.03,0.02,0.04,0,0.05,0.12
"127",2017,23,"flu",0.02,0.08,0.03,0.03,0,0,0,0.04,0.02,0,0.02,0,0.03,0,0.02,0.06,0.02,0.02
"128",2017,24,"flu",0.02,0,0,0.03,0.02,0,0.02,0.08,0,0.04,0.02,0,0,0.04,0,0,0.02,0
"129",2017,25,"flu",0.02,0.03,0.08,0,0,0.02,0.02,0,0,0,0.02,0.01,0.06,0.04,0,0,0.05,0.04
"130",2017,26,"flu",0.01,0.03,0,0,0,0,0,0.04,0,0,0,0.01,0.03,0,0.04,0,0.05,0
"131",2017,27,"flu",0,0.03,0,0,0.05,0,0,0.02,0,0.02,0,0,0,0,0,0.06,0,0
"132",2017,28,"flu",0,0.05,0,0,0,0,0.02,0.02,0.02,0,0,0,0,0.04,0.02,0,0,0
"133",2017,29,"flu",0,0,0,0,0,0,0,0.02,0,0,0,0,0,0,0,0,0.02,0
"134",2017,30,"flu",0.02,0.05,0,0,0,0,0.02,0.04,0,0.04,0.02,0,0.03,0,0.04,0,0,0
"135",2017,31,"flu",0.01,0.05,0,0,0,0.04,0,0.06,0,0,0,0.01,0.02,0.02,0.02,0.03,0,0
"136",2017,32,"flu",0.01,0.05,0,0.05,0,0,0.02,0,0.02,0,0,0.01,0,0,0.02,0,0,0.02
"137",2017,33,"flu",0,0,0,0,0,0,0,0,0,0,0,0,0,0,0.02,0,0,0.02
"138",2017,34,"flu",0,0,0,0.03,0,0,0,0,0,0,0,0,0,0,0,0,0.05,0
"139",2017,35,"flu",0.01,0.03,0.03,0,0.02,0,0.02,0.04,0.02,0,0,0.04,0,0.02,0,0,0,0
"140",2017,36,"flu",0.02,0.13,0.03,0.03,0,0.04,0.02,0.04,0.02,0,0.02,0,0.02,0.02,0.02,0,0,0.02
"141",2017,37,"flu",0.01,0.05,0.03,0.03,0.02,0,0,0,0.02,0,0.02,0,0.02,0.04,0.02,0.03,0,0
"142",2017,38,"flu",0.01,0,0.08,0,0.02,0,0.02,0,0,0.02,0,0.01,0.03,0.02,0,0,0,0.04
"143",2017,39,"flu",0.03,0.08,0.05,0,0.05,0.02,0.02,0.02,0,0,0.03,0.01,0,0.02,0.04,0.06,0.07,0.02
"144",2017,40,"flu",0.04,0,0,0.03,0.05,0.04,0.04,0.09,0,0.04,0.03,0.03,0.06,0.04,0.02,0.08,0.07,0.04
"145",2017,41,"flu",0.03,0.03,0.05,0,0,0.09,0,0,0,0.1,0.05,0.03,0.02,0.02,0,0.08,0.02,0
"146",2017,42,"flu",0.03,0.08,0,0.03,0,0,0.09,0.04,0.06,0.02,0,0.04,0.05,0.06,0.02,0,0.05,0.04
"147",2017,43,"flu",0.04,0.08,0.08,0,0.02,0.04,0.02,0.02,0.08,0.06,0,0.04,0.05,0.06,0.02,0.08,0.02,0.04
"148",2017,44,"flu",0.03,0.05,0.03,0,0,0.07,0,0.04,0,0.08,0.02,0,0.02,0.06,0.06,0,0.05,0.06
"149",2017,45,"flu",0.06,0.18,0.11,0.11,0,0.04,0.06,0.04,0.08,0.04,0.03,0.06,0.06,0.09,0.06,0,0.02,0.02
"150",2017,46,"flu",0.05,0.13,0.08,0.05,0.02,0.02,0.06,0.04,0.06,0.02,0.05,0.06,0.08,0.06,0.02,0.03,0.02,0.02
"151",2017,47,"flu",0.1,0.23,0.19,0.27,0.07,0.02,0.09,0.08,0.1,0.1,0.03,0.06,0.09,0.13,0.06,0.03,0.12,0.08
"152",2017,48,"flu",0.11,0.16,0.49,0.27,0.22,0.02,0.06,0.06,0.1,0.17,0.05,0.04,0.08,0.06,0.08,0.06,0.12,0.04
"153",2017,49,"flu",0.2,0.57,0.85,0.22,0.34,0.07,0.08,0.13,0.14,0.21,0.22,0.1,0.2,0.13,0.15,0.06,0.09,0.12
"154",2017,50,"flu",0.36,1.12,1.15,0.68,0.37,0.22,0.17,0.11,0.37,0.44,0.32,0.23,0.28,0.24,0.25,0.3,0.28,0.14
"155",2017,51,"flu",0.59,1.38,2.09,1.06,0.51,0.22,0.23,0.3,0.52,0.73,0.32,0.47,0.61,0.46,0.53,0.53,0.42,0.41
"156",2017,52,"flu",0.76,2.16,1.76,1.06,1,0.46,0.11,0.32,0.64,0.83,0.57,0.47,0.56,0.59,0.53,0.89,0.66,1.2
"157",2017,1,"rsv",0.25,4.32,0.14,0.19,0,0.02,0.02,0,0.02,0,0.05,0.01,0.03,0.04,0.11,0.03,0.17,0.1
"158",2017,2,"rsv",0.26,4.45,0.36,0.19,0.02,0.02,0.02,0.02,0.02,0.02,0.02,0.01,0.03,0.02,0.04,0.03,0.07,0.12
"159",2017,3,"rsv",0.31,5.33,0.47,0.11,0.17,0,0.02,0.02,0,0.02,0.02,0.03,0.06,0.02,0.04,0.03,0.07,0.12
"160",2017,4,"rsv",0.33,5.62,0.3,0.35,0.24,0.02,0.02,0.08,0.02,0.06,0.02,0.03,0.03,0.04,0.04,0,0.09,0.08
"161",2017,5,"rsv",0.35,5.33,0.52,0.57,0.12,0,0.02,0.06,0.04,0.06,0.05,0.07,0.09,0.06,0.08,0.08,0,0.06
"162",2017,6,"rsv",0.41,6.01,0.71,0.19,0.27,0.02,0.08,0.04,0.06,0.08,0.07,0.11,0.11,0.11,0.06,0.14,0.21,0.21
"163",2017,7,"rsv",0.28,4.06,0.19,0.24,0.17,0,0.06,0.02,0.06,0.02,0.03,0.04,0.08,0.06,0.15,0.14,0.09,0.23
"164",2017,8,"rsv",0.21,2.71,0.19,0.05,0.05,0.07,0.04,0.02,0,0.08,0.02,0.09,0.06,0.09,0.17,0.06,0.19,0.27
"165",2017,9,"rsv",0.16,1.8,0.27,0.22,0.07,0.04,0.04,0,0.08,0,0.02,0.03,0.03,0.02,0.15,0.06,0.19,0.16
"166",2017,10,"rsv",0.11,1.64,0.03,0.11,0.02,0,0,0.02,0,0,0.02,0.01,0.05,0.06,0.06,0.03,0.07,0.08
"167",2017,11,"rsv",0.06,0.78,0.03,0.05,0.02,0,0,0.02,0,0,0.02,0.03,0.03,0,0.04,0.06,0.07,0.12
"168",2017,12,"rsv",0.02,0.39,0,0.03,0,0,0,0,0.02,0,0,0,0,0,0,0,0.02,0.02
"169",2017,13,"rsv",0.03,0.42,0.05,0,0,0,0,0,0,0,0,0.01,0,0.02,0,0.03,0.02,0
"170",2017,14,"rsv",0.02,0.31,0,0,0,0,0,0.02,0,0,0,0,0,0,0,0,0,0.04
"171",2017,15,"rsv",0,0.13,0,0.03,0,0,0,0.02,0,0,0,0,0,0,0,0,0,0
"172",2017,16,"rsv",0,0.08,0,0,0,0,0,0,0,0,0,0,0,0,0,0,0,0
"173",2017,17,"rsv",0,0.05,0,0,0,0,0,0,0,0,0,0,0,0,0,0,0,0
"174",2017,18,"rsv",0,0.13,0,0,0,0,0,0,0,0,0,0,0,0,0,0,0,0
"175",2017,19,"rsv",0,0.13,0,0,0,0,0,0,0,0,0,0,0,0,0,0,0,0
"176",2017,20,"rsv",0,0.08,0,0,0,0,0,0,0,0,0,0,0,0,0,0,0,0
"177",2017,21,"rsv",0,0,0,0,0.02,0,0,0,0,0,0,0,0,0,0,0,0,0
"178",2017,22,"rsv",0,0.03,0,0,0,0,0,0,0,0,0,0,0,0.02,0,0,0,0
"179",2017,23,"rsv",0,0,0,0,0,0,0,0,0,0,0,0,0,0,0,0,0,0
"180",2017,24,"rsv",0,0,0.03,0,0,0,0,0,0,0,0,0,0,0,0,0,0,0
"181",2017,25,"rsv",0,0,0,0,0,0,0,0,0,0,0,0,0,0,0,0,0,0
"182",2017,26,"rsv",0,0.03,0,0,0,0,0,0,0,0,0,0,0,0,0,0,0,0
"183",2017,27,"rsv",0,0,0,0,0,0,0,0,0,0,0,0,0,0,0,0,0,0
"184",2017,28,"rsv",0,0,0,0,0,0,0,0,0,0,0,0,0,0,0,0,0,0
"185",2017,29,"rsv",0,0,0,0,0,0,0,0,0,0,0,0,0,0,0,0,0,0
"186",2017,30,"rsv",0,0,0,0,0,0,0,0,0,0,0,0,0,0,0,0,0,0
"187",2017,31,"rsv",0,0.05,0,0,0,0,0,0,0,0,0,0,0,0,0,0,0,0
"188",2017,32,"rsv",0,0,0.03,0,0,0,0,0,0,0,0,0.01,0,0,0,0,0,0
"189",2017,33,"rsv",0,0,0.03,0,0,0,0,0,0,0,0,0,0,0,0,0,0,0
"190",2017,34,"rsv",0,0,0,0,0,0.02,0,0,0,0,0,0,0,0,0,0,0,0
"191",2017,35,"rsv",0,0,0,0,0,0,0,0,0,0,0,0,0,0,0,0,0,0
"192",2017,36,"rsv",0,0,0,0,0,0,0,0,0,0,0,0,0,0,0,0,0,0
"193",2017,37,"rsv",0,0,0,0.03,0,0,0,0,0,0,0,0,0,0,0,0,0,0
"194",2017,38,"rsv",0,0.05,0,0,0,0,0,0,0,0,0,0,0,0,0,0,0,0
"195",2017,39,"rsv",0,0.05,0.03,0,0,0,0,0,0,0,0,0,0,0,0,0,0,0
"196",2017,40,"rsv",0,0.03,0,0,0,0,0,0,0,0,0,0,0,0,0,0,0,0
"197",2017,41,"rsv",0,0,0,0,0,0,0,0,0,0.02,0,0,0,0,0,0,0,0
"198",2017,42,"rsv",0,0.03,0,0,0.02,0,0,0,0,0,0,0,0,0,0,0,0,0
"199",2017,43,"rsv",0,0.05,0.05,0.03,0,0,0,0,0,0,0,0,0,0,0,0,0,0
"200",2017,44,"rsv",0,0.03,0.03,0,0,0.02,0,0,0,0,0,0,0,0,0,0,0,0
"201",2017,45,"rsv",0,0.1,0,0.03,0,0,0,0,0.02,0,0,0,0,0,0,0,0,0
"202",2017,46,"rsv",0,0.05,0,0,0,0,0,0,0,0,0,0,0,0,0,0,0,0
"203",2017,47,"rsv",0,0.1,0,0,0,0,0,0,0,0,0,0,0.02,0,0,0,0,0
"204",2017,48,"rsv",0.01,0.29,0,0,0.02,0,0,0,0,0,0,0,0,0,0,0,0,0
"205",2017,49,"rsv",0,0.08,0,0,0,0,0,0,0,0,0,0,0,0,0,0,0,0
"206",2017,50,"rsv",0.02,0.23,0.05,0,0.02,0,0,0,0,0,0,0,0,0.02,0,0,0,0.06
"207",2017,51,"rsv",0.02,0.42,0,0.03,0,0,0,0,0,0,0,0,0,0,0,0,0,0
"208",2017,52,"rsv",0.03,0.65,0.03,0,0,0,0,0,0,0,0,0.03,0,0,0.02,0,0,0
"209",2018,1,"flu",2.02,4.84,3.36,1.46,1.35,0.8,1.02,1.11,2,1.96,2.36,2.02,2.01,1.64,1.62,2.14,2.52,2.91
"210",2018,2,"flu",3.77,7.19,6.25,4.56,3.35,2.04,1.67,2.34,3.47,4.53,4.24,4.04,3.68,3.16,3.28,3.75,4.06,3.93
"211",2018,3,"flu",6.5,19.63,18.26,10.34,6.97,3.23,2.84,3.65,6.17,6.24,6.79,5.61,5.39,4.45,3.43,4.33,4.69,5.41
"212",2018,4,"flu",13.3,29.67,43.59,27.81,16.63,6.05,5.25,7.12,12.78,15.18,13.49,12.05,10.96,9.58,6.9,7.19,7.57,8.86
"213",2018,5,"flu",21.81,42.7,67.64,50.84,30.16,9.46,8.42,11.86,21.63,24.51,22.84,19.81,18.1,16.16,10.78,11.17,12.34,14.04
"214",2018,6,"flu",24.79,50.65,59.37,41.23,28.04,10.8,9.94,14.28,26.26,30.96,30.04,24.78,23.69,21.62,13.46,16.03,17.81,18.43
"215",2018,7,"flu",31.98,59.95,56.72,36.21,30.21,17.53,15.76,21.21,34.37,38.52,40.09,34.82,33.89,30.38,21.09,23.25,25.51,30.76
"216",2018,8,"flu",49.43,85.06,80.88,48.5,47.07,29.37,24.64,33.57,51.6,58.02,60.35,56.41,53.78,47.62,34.65,37.8,44.59,51.51
"217",2018,9,"flu",59.42,107.7,96.31,58.46,51.19,30.8,29.47,40.38,58.57,63.89,67.25,65.05,64.92,58.46,43.03,50.52,57.52,71.07
"218",2018,10,"flu",71.21,128.52,112.57,68.56,59.4,34.25,37.27,49.47,71.08,76.6,79.44,77.14,77.91,71.48,54.58,60.11,72.4,86.16
"219",2018,11,"flu",61.33,122.96,91.04,56.65,46.69,29.54,32.37,43.23,61.01,63.17,65.96,66.02,66.51,61.6,49.49,55.11,63.48,74.44
"220",2018,12,"flu",34.67,83.33,57.16,27,22.42,16.57,18.72,27.06,35.8,35.9,35.15,33.75,36.91,33.49,27.4,30.97,35.55,40.42
"221",2018,13,"flu",18.06,50.19,27.68,9.99,10.86,8.26,10.48,13.96,19.33,17.92,17.62,17.09,18.2,17.53,15.25,16.92,19.84,21.29
"222",2018,14,"flu",8.97,23.09,11.71,3.94,3.8,3.25,5,6.57,9.46,8.98,9.03,8.42,9.54,8.89,8.25,9.22,11.31,13.31
"223",2018,15,"flu",5.39,13.76,6.5,3.19,2.8,2.56,3.04,4.85,6.3,6.24,5.4,4.92,5.53,5,5.11,4.61,5.86,6.75
"224",2018,16,"flu",2.52,8.28,4.39,1.43,1.52,1.37,1.54,1.92,3.07,2.45,1.98,2.35,2.26,1.85,1.93,3.08,2.37,2.58
"225",2018,17,"flu",0.63,2.7,1.2,0.27,0.42,0.15,0.15,0.35,0.84,0.64,0.39,0.49,0.5,0.45,0.75,0.72,0.71,0.54
"226",2018,18,"flu",0.27,0.97,0.49,0.03,0.2,0.15,0.19,0.3,0.29,0.21,0.21,0.2,0.23,0.2,0.27,0.19,0.51,0.2
"227",2018,19,"flu",0.1,0.64,0.11,0,0.15,0.09,0.08,0.09,0.08,0.08,0.09,0.01,0.06,0.13,0.04,0.08,0.02,0.15
"228",2018,20,"flu",0.06,0.2,0,0.05,0,0.02,0.06,0.07,0.02,0.02,0.07,0.07,0.05,0.09,0.08,0.11,0.12,0.04
"229",2018,21,"flu",0.04,0.13,0.05,0.03,0.05,0.04,0.04,0.02,0.02,0.04,0.02,0.01,0.06,0.05,0.04,0.03,0,0.02
"230",2018,22,"flu",0.05,0.33,0.25,0.03,0,0.04,0.06,0,0.02,0,0.02,0.01,0.03,0.04,0,0.08,0.07,0
"231",2018,23,"flu",0.02,0.18,0,0.03,0.05,0,0,0.04,0,0,0.05,0,0.02,0.02,0.02,0,0.02,0
"232",2018,24,"flu",0.03,0.08,0.08,0,0,0,0,0.04,0.06,0.08,0.02,0.01,0.02,0.04,0.04,0,0,0
"233",2018,25,"flu",0.02,0,0.05,0.03,0,0,0.06,0.04,0.02,0,0,0,0.03,0.04,0.06,0,0,0.04
"234",2018,26,"flu",0,0.05,0.03,0,0,0,0,0,0,0,0.02,0,0.02,0,0,0,0.05,0
"235",2018,27,"flu",0.03,0.13,0,0,0.05,0,0,0.06,0.02,0,0.04,0.01,0.03,0.02,0.02,0.03,0.02,0
"236",2018,28,"flu",0,0.03,0,0.03,0,0,0.02,0.04,0,0,0,0.01,0,0.02,0.02,0,0,0
"237",2018,29,"flu",0.02,0.08,0,0,0,0,0.06,0,0,0,0,0.03,0,0,0.02,0.06,0,0
"238",2018,30,"flu",0.01,0.1,0.03,0,0,0,0.02,0.02,0,0,0.02,0.01,0.05,0,0,0,0,0
"239",2018,31,"flu",0.01,0.05,0,0,0,0,0,0,0,0.04,0.02,0.01,0.02,0.02,0.02,0,0,0
"240",2018,32,"flu",0.01,0.03,0,0.03,0.02,0,0.02,0,0,0,0.02,0,0,0,0.02,0.06,0,0.02
"241",2018,33,"flu",0,0,0,0.03,0,0,0,0.04,0,0.02,0,0.01,0.02,0,0,0,0,0.02
"242",2018,34,"flu",0,0,0.05,0,0.02,0,0,0.02,0,0.02,0,0,0,0,0,0,0,0.02
"243",2018,35,"flu",0,0,0,0,0,0.04,0,0.04,0,0,0.02,0,0,0,0.02,0.03,0,0
"244",2018,36,"flu",0.02,0.05,0,0,0,0,0.04,0.02,0.04,0.04,0.02,0.04,0.02,0,0,0,0,0
"245",2018,37,"flu",0.01,0.05,0,0,0,0.04,0,0,0.04,0,0.02,0,0,0.02,0,0.03,0,0
"246",2018,38,"flu",0,0.03,0,0,0,0,0.02,0.02,0,0.02,0,0.01,0.03,0.02,0,0,0,0
"247",2018,39,"flu",0.02,0.08,0,0.03,0.02,0,0,0,0.06,0,0.04,0.04,0.05,0,0,0,0.02,0
"248",2018,40,"flu",0.02,0,0,0.03,0,0,0.02,0.02,0.04,0.02,0.02,0.01,0.02,0.05,0,0,0.02,0.02
"249",2018,41,"flu",0.04,0.13,0.03,0,0.02,0.04,0.04,0.06,0.02,0.06,0.04,0.07,0.03,0.04,0.04,0,0.07,0
"250",2018,42,"flu",0.03,0.23,0.03,0,0,0,0.02,0.06,0.02,0.04,0.02,0.04,0.02,0.04,0.02,0.03,0.02,0.02
"251",2018,43,"flu",0.06,0.13,0.05,0.05,0.05,0.04,0.06,0.09,0.08,0.02,0.05,0.09,0.06,0.07,0,0.11,0.02,0.06
"252",2018,44,"flu",0.04,0.18,0.03,0.08,0,0.04,0.06,0,0.04,0.02,0.02,0.03,0.05,0.04,0.1,0.06,0,0.06
"253",2018,45,"flu",0.09,0.48,0.16,0.08,0.12,0.07,0.06,0.02,0.06,0.06,0.09,0.12,0.06,0.05,0.06,0.06,0.07,0.02
"254",2018,46,"flu",0.11,0.46,0.19,0.05,0.12,0.07,0.21,0.11,0.06,0.04,0.13,0.07,0.11,0.05,0.04,0.08,0.02,0.11
"255",2018,47,"flu",0.13,0.48,0.3,0.14,0.22,0.04,0.1,0.06,0.11,0.14,0.09,0.13,0.06,0.05,0.12,0.11,0.07,0.06
"256",2018,48,"flu",0.22,0.97,0.41,0.03,0.2,0.15,0.17,0.15,0.15,0.21,0.16,0.2,0.15,0.22,0.17,0.11,0.07,0.33
"257",2018,49,"flu",0.34,1.2,0.82,0.24,0.32,0.15,0.17,0.31,0.29,0.33,0.29,0.26,0.23,0.31,0.17,0.33,0.27,0.44
"258",2018,50,"flu",0.41,1.73,1.17,0.16,0.17,0.26,0.35,0.42,0.25,0.41,0.32,0.28,0.35,0.33,0.29,0.39,0.32,0.24
"259",2018,51,"flu",0.56,2.22,1.26,0.59,0.37,0.3,0.46,0.46,0.51,0.58,0.38,0.36,0.38,0.44,0.39,0.42,0.42,0.54
"260",2018,52,"flu",0.36,1.25,0.63,0.24,0.2,0.17,0.35,0.41,0.21,0.31,0.2,0.12,0.41,0.29,0.23,0.42,0.49,0.5
"261",2018,1,"rsv",0.03,0.54,0,0,0.02,0,0,0,0,0,0,0,0.02,0,0,0,0,0
"262",2018,2,"rsv",0.05,0.76,0.08,0.08,0,0,0.04,0,0.02,0,0.02,0.01,0.02,0.02,0,0,0,0.02
"263",2018,3,"rsv",0.12,2.09,0.16,0.05,0,0.02,0,0.04,0,0,0.02,0.01,0.05,0.02,0,0.03,0,0
"264",2018,4,"rsv",0.21,3.26,0.25,0.05,0.07,0.02,0.08,0.07,0.04,0.04,0.02,0,0.06,0.04,0.04,0.11,0.02,0.07
"265",2018,5,"rsv",0.31,5.23,0.41,0.14,0.17,0.02,0,0.06,0.02,0.06,0.05,0.03,0.03,0.04,0.06,0.06,0.07,0.04
"266",2018,6,"rsv",0.34,5.58,0.46,0.24,0.15,0,0.04,0.11,0.08,0.04,0.07,0.04,0.08,0.07,0.02,0,0.02,0.04
"267",2018,7,"rsv",0.36,5.71,0.38,0.05,0.02,0.07,0.08,0.15,0.04,0.1,0.09,0.06,0.14,0.05,0.08,0.03,0.02,0.11
"268",2018,8,"rsv",0.27,4.23,0.22,0.14,0.05,0.07,0.04,0.02,0.1,0.04,0.05,0.1,0.09,0.05,0.08,0.03,0.05,0.07
"269",2018,9,"rsv",0.53,8.16,0.41,0.16,0.17,0.11,0.1,0.13,0.1,0.1,0.13,0.13,0.12,0.13,0.12,0.08,0.24,0.24
"270",2018,10,"rsv",0.5,6.68,0.41,0.27,0.25,0.09,0.12,0.24,0.15,0.12,0.2,0.12,0.2,0.09,0.23,0.14,0.22,0.37
"271",2018,11,"rsv",0.42,5.84,0.46,0.24,0.2,0.09,0.15,0.15,0.06,0.08,0.14,0.13,0.12,0.22,0.04,0.19,0.2,0.17
"272",2018,12,"rsv",0.4,4.95,0.44,0.38,0.32,0.04,0.13,0.13,0.11,0.08,0.09,0.12,0.15,0.18,0.15,0.06,0.24,0.26
"273",2018,13,"rsv",0.23,2.78,0.22,0.24,0.07,0.02,0.1,0.02,0.02,0.06,0.09,0.1,0.08,0.09,0.15,0.14,0.22,0.2
"274",2018,14,"rsv",0.14,1.91,0.14,0.11,0.05,0.02,0,0.02,0,0.04,0.05,0.01,0.06,0.07,0.04,0.03,0.07,0.13
"275",2018,15,"rsv",0.15,1.61,0.08,0.03,0,0.04,0.08,0.07,0.06,0.02,0.02,0.06,0.14,0.09,0.17,0.08,0.15,0.11
"276",2018,16,"rsv",0.08,0.87,0.05,0.05,0.02,0,0.02,0.02,0,0,0.05,0.01,0.08,0.04,0.08,0.03,0.05,0.09
"277",2018,17,"rsv",0.06,0.82,0.03,0,0,0,0,0.06,0,0.02,0.02,0,0.05,0.05,0.02,0.03,0.05,0.06
"278",2018,18,"rsv",0.03,0.48,0.03,0,0,0,0,0,0,0,0,0,0,0.02,0.02,0.03,0,0
"279",2018,19,"rsv",0.01,0.2,0.08,0,0,0,0,0,0,0,0,0,0.02,0,0,0,0,0
"280",2018,20,"rsv",0.01,0.23,0,0,0,0,0,0,0,0,0,0.01,0,0,0.02,0,0,0
"281",2018,21,"rsv",0,0.05,0,0,0,0,0,0,0,0,0,0,0,0,0,0,0,0
"282",2018,22,"rsv",0,0.03,0.03,0.03,0.02,0,0,0,0,0,0,0,0,0,0,0,0,0
"283",2018,23,"rsv",0,0.03,0,0.03,0,0,0,0,0,0,0,0,0,0,0,0,0,0
"284",2018,24,"rsv",0,0.08,0,0,0,0,0,0,0,0,0,0,0,0,0,0,0,0
"285",2018,25,"rsv",0,0,0,0,0,0,0,0,0,0,0,0,0,0,0,0,0,0
"286",2018,26,"rsv",0,0.03,0,0,0,0,0,0,0,0,0,0,0,0,0,0,0,0
"287",2018,27,"rsv",0,0,0,0,0,0,0,0,0,0,0,0,0,0,0,0,0,0
"288",2018,28,"rsv",0,0.03,0,0,0,0,0,0,0,0,0,0,0,0,0,0,0,0
"289",2018,29,"rsv",0,0.03,0,0,0,0,0,0,0,0,0,0,0,0,0,0,0,0
"290",2018,30,"rsv",0,0,0,0.03,0,0,0,0,0,0,0,0,0,0,0,0,0.02,0
"291",2018,31,"rsv",0,0.03,0,0,0,0,0,0,0,0,0,0,0,0,0,0,0,0
"292",2018,32,"rsv",0,0,0,0,0,0,0,0,0,0.02,0,0,0,0,0,0,0,0
"293",2018,33,"rsv",0,0,0,0,0,0,0,0,0,0,0,0,0,0,0,0,0,0
"294",2018,34,"rsv",0,0,0,0,0,0,0,0,0,0,0,0,0,0,0,0,0,0.02
"295",2018,35,"rsv",0,0,0,0,0,0,0,0,0,0,0,0,0,0,0,0,0,0
"296",2018,36,"rsv",0,0.03,0,0,0,0,0,0,0,0,0,0,0,0,0,0,0,0
"297",2018,37,"rsv",0,0,0.03,0,0,0,0,0,0,0,0,0,0,0,0,0,0,0
"298",2018,38,"rsv",0,0.03,0,0,0,0,0,0,0,0,0,0,0,0,0,0,0,0
"299",2018,39,"rsv",0,0,0,0,0,0,0,0,0,0,0,0,0,0,0,0,0,0
"300",2018,40,"rsv",0,0,0,0,0,0,0,0,0,0,0,0,0,0,0,0,0,0
"301",2018,41,"rsv",0,0.03,0,0,0,0,0,0,0,0,0,0,0,0,0,0,0,0
"302",2018,42,"rsv",0,0,0,0,0,0,0,0,0,0.02,0,0,0,0,0,0,0,0
"303",2018,43,"rsv",0,0.05,0,0,0,0,0,0,0,0,0,0,0,0,0,0,0,0
"304",2018,44,"rsv",0,0.03,0,0,0,0,0,0,0,0,0,0,0,0,0,0,0,0
"305",2018,45,"rsv",0,0.05,0.03,0.03,0,0,0,0,0,0,0,0,0,0,0,0,0,0
"306",2018,46,"rsv",0,0.18,0.03,0,0,0,0,0,0,0,0,0,0,0,0,0,0,0
"307",2018,47,"rsv",0,0.1,0,0,0,0,0,0,0,0,0,0,0,0,0,0,0,0
"308",2018,48,"rsv",0.02,0.38,0.03,0,0.02,0,0,0,0,0,0,0,0,0,0.02,0,0.02,0
"309",2018,49,"rsv",0.03,0.54,0,0.03,0,0,0,0,0,0,0.02,0,0,0.02,0.02,0.03,0,0
"310",2018,50,"rsv",0.06,1.15,0.05,0.03,0,0.02,0,0,0.02,0,0,0,0,0,0,0,0,0.02
"311",2018,51,"rsv",0.09,1.5,0.14,0.05,0,0,0.04,0,0,0.02,0,0.04,0,0,0,0,0,0
"312",2018,52,"rsv",0.07,1.33,0,0,0,0,0,0,0,0.02,0,0,0,0.02,0,0,0.02,0
"313",2019,1,"flu",0.72,2.65,0.67,0.27,0.23,0.63,0.63,0.66,0.59,0.53,0.57,0.54,0.56,0.69,0.64,0.76,0.85,1.02
"314",2019,2,"flu",1.79,4.7,2.39,1.08,1.45,1.48,1.46,2,1.74,1.49,1.93,1.98,1.42,1.38,1.32,1.25,1.68,1.9
"315",2019,3,"flu",3.18,12.02,5.96,2.54,1.98,1.87,2.68,3.46,3.1,3.06,3.2,2.53,2.67,2.3,1.4,1.96,2.48,2.73
"316",2019,4,"flu",5.91,22.47,14.33,4.89,3.81,3.58,4.79,4.71,6.26,5.56,5.1,5.29,4.81,4.11,2.86,3.54,3.84,4.86
"317",2019,5,"flu",12.7,39.13,27.37,10.75,9.95,8.05,10.42,11.9,13.67,13.1,12.95,12.43,10.63,9.88,5.78,8.17,8.54,9.61
"318",2019,6,"flu",20.33,59.7,38.32,17.58,18.73,12.93,16.91,18.43,21.55,20.33,20.54,18.7,17.89,15.3,11.94,13.45,14.86,17.37
"319",2019,7,"flu",29.95,84.11,53.34,24.82,24.14,18.25,23.1,28.31,30.63,30.07,31.02,29.86,27.43,23.34,18.85,19.79,22.91,29.18
"320",2019,8,"flu",32.46,96.91,54.41,24.33,24.98,21.33,23.94,29.37,32.25,31.82,31.67,29.61,28.9,27.85,21.44,24.03,26.52,34.24
"321",2019,9,"flu",30.18,86.03,51.41,24.6,22.87,18.81,22.92,27.11,28.74,28.74,28.37,27.27,27.95,24.74,20.85,21.72,27.58,33.83
"322",2019,10,"flu",26.63,72.02,42.45,20.71,21.78,17.32,19.67,25.37,25.22,23.63,24.05,23.47,24.21,21.87,19.84,22.51,25.69,32.63
"323",2019,11,"flu",21.78,56.77,36.97,17.18,19.09,14.26,16.51,19.98,22.08,19.92,19.49,19,20.19,18.01,15.19,16.82,19.22,25.73
"324",2019,12,"flu",16.48,47.18,29.22,14.26,18.94,9.59,10.48,13.12,14.26,13.99,13.56,13.87,14.55,13.99,11.59,13.66,15.32,21.1
"325",2019,13,"flu",10.77,30.34,18.65,9.83,10.03,6.66,6.27,9.06,9.93,8.94,9.44,8.9,8.74,8.89,8.23,9.42,11.66,13.55
"326",2019,14,"flu",6.26,18.18,10.73,6.62,4.7,3.34,4.24,5.22,5.54,5.26,5.01,4.8,5.09,5.42,4.2,5.88,6.55,9.12
"327",2019,15,"flu",3.73,9.14,5.37,3.89,2.87,1.97,2.62,3,3.35,3.56,2.77,2.95,3.22,3.17,3.21,3.08,4.33,6.34
"328",2019,16,"flu",1.72,4.44,2.25,1.65,1.55,1.24,1.02,1.53,1.47,1.2,1.1,1.16,1.35,1.52,1.56,1.93,2.37,2.9
"329",2019,17,"flu",1.18,2.6,1.31,0.54,0.94,0.69,0.55,0.91,0.78,0.65,0.8,0.77,0.95,1.03,0.99,1.61,2.79,2.59
"330",2019,18,"flu",0.53,1.19,0.51,0.35,0.2,0.26,0.35,0.53,0.55,0.24,0.28,0.49,0.42,0.5,0.62,0.71,0.83,1.04
"331",2019,19,"flu",0.37,0.86,0.59,0.46,0.58,0.28,0.35,0.16,0.34,0.16,0.25,0.27,0.27,0.23,0.33,0.3,0.54,0.51
"332",2019,20,"flu",0.23,0.56,0.24,0.16,0.2,0.26,0.08,0.25,0.3,0.24,0.06,0.09,0.13,0.28,0.23,0.22,0.41,0.4
"333",2019,21,"flu",0.17,0.45,0.19,0.14,0.13,0.07,0.14,0.13,0.09,0.12,0.11,0.15,0.21,0.14,0.1,0.11,0.39,0.25
"334",2019,22,"flu",0.1,0.25,0.11,0.05,0.1,0.04,0.08,0.07,0.13,0.06,0.02,0.07,0.1,0.02,0.04,0.14,0.13,0.3
"335",2019,23,"flu",0.07,0.28,0.08,0.16,0.05,0.02,0.02,0.07,0.02,0.02,0.04,0.03,0.09,0.07,0.06,0.14,0.03,0.11
"336",2019,24,"flu",0.04,0.13,0.03,0,0,0.07,0.02,0.05,0.02,0.02,0,0.01,0.04,0.09,0.02,0.14,0,0
"337",2019,25,"flu",0.02,0.03,0,0.03,0,0.04,0.02,0,0,0,0.02,0.04,0.03,0.02,0,0,0.03,0
"338",2019,26,"flu",0.03,0.1,0.05,0.03,0.03,0.07,0.04,0,0.04,0.02,0.04,0,0.01,0.02,0.02,0,0.03,0
"339",2019,27,"flu",0.03,0.05,0.03,0,0.03,0,0,0.04,0,0,0.02,0.07,0.01,0.07,0.02,0.08,0,0.02
"340",2019,28,"flu",0.02,0,0,0,0,0,0.06,0.04,0.02,0,0.02,0.01,0.01,0.05,0,0.03,0,0.02
"341",2019,29,"flu",0.02,0.03,0,0,0.03,0.02,0,0,0.02,0,0.08,0,0.06,0.04,0.04,0,0.03,0.04
"342",2019,30,"flu",0.02,0,0,0,0.03,0.04,0.04,0,0,0.04,0.02,0.01,0,0,0.02,0.03,0.05,0
"343",2019,31,"flu",0.03,0.05,0,0.05,0,0.09,0,0.02,0,0,0.04,0.03,0,0.05,0.04,0.03,0.03,0.05
"344",2019,32,"flu",0.02,0.05,0.03,0,0.03,0.02,0.02,0.02,0.02,0,0,0,0.01,0.02,0.02,0.03,0,0.02
"345",2019,33,"flu",0.02,0,0.03,0,0,0.02,0.04,0.07,0.02,0.02,0,0.01,0.04,0.02,0,0,0.08,0.02
"346",2019,34,"flu",0.02,0.05,0,0.05,0.03,0,0.06,0.02,0,0.02,0.02,0,0.01,0.04,0,0.03,0,0
"347",2019,35,"flu",0.02,0.08,0.03,0,0,0.02,0.02,0.02,0.02,0.04,0,0.01,0.04,0.02,0.06,0,0.05,0
"348",2019,36,"flu",0.03,0.08,0.03,0,0.05,0.11,0.02,0.04,0.02,0.04,0,0.07,0,0.02,0.02,0,0,0
"349",2019,37,"flu",0.04,0.08,0.08,0.08,0.03,0.04,0.02,0.02,0.02,0.06,0.06,0.04,0.06,0.05,0.02,0.03,0,0.04
"350",2019,38,"flu",0.03,0.08,0.03,0,0.03,0.04,0.04,0,0.08,0,0,0.03,0.07,0.02,0.06,0,0.08,0.04
"351",2019,39,"flu",0.05,0.05,0.05,0,0,0.02,0.02,0.09,0.04,0.14,0.02,0.07,0.06,0.02,0.06,0.08,0,0.05
"352",2019,40,"flu",0.04,0.08,0.05,0,0.03,0.04,0.1,0.05,0.04,0.08,0.02,0.06,0.01,0.04,0.06,0.03,0,0.02
"353",2019,41,"flu",0.07,0.1,0.05,0.03,0.03,0.13,0.12,0.09,0.09,0,0.09,0.13,0.04,0.04,0.06,0.03,0.08,0.11
"354",2019,42,"flu",0.14,0.45,0.21,0.03,0.05,0.15,0.08,0.09,0.08,0.04,0.15,0.09,0.15,0.14,0.14,0.3,0.18,0.16
"355",2019,43,"flu",0.1,0.25,0.19,0.08,0.03,0.13,0.1,0.15,0.04,0.12,0.08,0.1,0.12,0.05,0,0.11,0.05,0.12
"356",2019,44,"flu",0.09,0.2,0.21,0.03,0.08,0.02,0.18,0.09,0.06,0.04,0.08,0.04,0.1,0.11,0.06,0.05,0.05,0.07
"357",2019,45,"flu",0.12,0.25,0.27,0.22,0.18,0.15,0.06,0.15,0.09,0.08,0.11,0.06,0.06,0.05,0.08,0.08,0.15,0.18
"358",2019,46,"flu",0.14,0.3,0.46,0.14,0.08,0.07,0.16,0.13,0.17,0.08,0.17,0.06,0.09,0.11,0.08,0.14,0.23,0.05
"359",2019,47,"flu",0.2,0.76,0.24,0.14,0.13,0.2,0.24,0.24,0.21,0.16,0.17,0.16,0.21,0.18,0.1,0.08,0.05,0.19
"360",2019,48,"flu",0.38,1.82,0.99,0.24,0.13,0.11,0.43,0.44,0.28,0.39,0.28,0.18,0.27,0.28,0.37,0.3,0.23,0.16
"361",2019,49,"flu",0.5,1.92,1.45,0.57,0.28,0.3,0.59,0.6,0.55,0.49,0.36,0.25,0.37,0.21,0.23,0.27,0.34,0.32
"362",2019,50,"flu",0.95,3.41,2.5,1.81,0.76,0.78,0.61,1.02,0.89,0.57,0.8,0.77,0.56,0.57,0.37,0.63,0.46,0.81
"363",2019,51,"flu",1.76,5.76,5.15,3.21,2.41,0.87,1.24,1.95,1.49,1.41,1.23,1.4,1.11,0.8,0.82,1.25,1.34,1.02
"364",2019,52,"flu",1,3.38,2.87,1.35,0.86,0.35,1.08,1.18,0.7,0.61,0.78,0.75,0.47,0.58,0.39,0.73,0.95,1.16
"365",2019,1,"rsv",0.11,1.99,0.03,0,0,0.02,0,0,0.02,0.04,0,0,0,0.04,0,0.08,0,0.04
"366",2019,2,"rsv",0.12,1.89,0.05,0,0.08,0,0.06,0.02,0,0,0.04,0.03,0.03,0.02,0.04,0.16,0,0.07
"367",2019,3,"rsv",0.27,4.7,0.24,0.05,0.1,0,0.02,0.05,0.02,0.04,0,0.04,0.01,0.04,0.02,0.03,0.05,0.05
"368",2019,4,"rsv",0.44,7.93,0.38,0.08,0.08,0.07,0.02,0.02,0.06,0,0.06,0.09,0.06,0.07,0.04,0,0.08,0.04
"369",2019,5,"rsv",0.56,9.39,0.86,0.3,0.2,0.02,0,0.09,0.02,0.04,0.09,0.12,0.07,0.04,0.08,0.03,0.03,0.14
"370",2019,6,"rsv",0.77,12.5,0.7,0.35,0.13,0.02,0.1,0.24,0.11,0.1,0.08,0.15,0.1,0.12,0.14,0.16,0.15,0.37
"371",2019,7,"rsv",0.84,13.53,0.8,0.43,0.25,0.13,0.18,0.22,0.08,0.18,0.11,0.09,0.13,0.14,0.08,0.14,0.36,0.28
"372",2019,8,"rsv",0.78,11.86,0.67,0.19,0.1,0.09,0.16,0.22,0.21,0.14,0.11,0.18,0.27,0.12,0.19,0.33,0.23,0.46
"373",2019,9,"rsv",0.58,7.67,0.48,0.08,0.08,0.09,0.14,0.15,0.19,0.16,0.13,0.13,0.28,0.21,0.16,0.19,0.36,0.67
"374",2019,10,"rsv",0.52,6.71,0.59,0.19,0.13,0.02,0.1,0.18,0.15,0.1,0.17,0.18,0.25,0.27,0.35,0.14,0.39,0.3
"375",2019,11,"rsv",0.47,5.83,0.78,0.22,0.05,0.09,0.06,0.09,0.13,0.06,0.09,0.18,0.12,0.14,0.21,0.24,0.41,0.51
"376",2019,12,"rsv",0.35,4.47,0.35,0.24,0.1,0.07,0.12,0.09,0.06,0.02,0.06,0.15,0.15,0.16,0.16,0.3,0.21,0.26
"377",2019,13,"rsv",0.23,2.12,0.16,0.32,0.1,0.07,0.04,0,0.06,0.04,0.08,0.06,0.18,0.04,0.19,0.24,0.21,0.42
"378",2019,14,"rsv",0.17,1.79,0.16,0.03,0.1,0,0.02,0.07,0.04,0.04,0.09,0.07,0.07,0.11,0.08,0.14,0.15,0.25
"379",2019,15,"rsv",0.09,1.14,0.05,0.19,0.03,0.04,0,0.02,0.04,0,0.04,0,0.01,0,0.06,0.11,0.08,0.11
"380",2019,16,"rsv",0.04,0.45,0.05,0.03,0,0,0,0,0.02,0,0.02,0,0.03,0.02,0.04,0,0.05,0.07
"381",2019,17,"rsv",0.03,0.38,0.03,0,0,0,0,0.02,0,0,0,0,0.01,0.02,0.04,0.03,0.03,0.05
"382",2019,18,"rsv",0.02,0.1,0,0,0,0,0,0,0,0,0,0,0.01,0.02,0.02,0,0.03,0.09
"383",2019,19,"rsv",0.01,0.15,0,0,0,0,0,0.02,0,0,0,0,0,0,0,0,0.05,0.04
"384",2019,20,"rsv",0,0.05,0,0,0,0,0,0,0,0,0,0,0,0.02,0,0,0,0
"385",2019,21,"rsv",0,0.05,0,0,0,0,0,0,0,0,0,0,0,0,0,0,0,0
"386",2019,22,"rsv",0,0.08,0,0,0,0,0,0,0,0,0,0,0,0,0,0,0,0
"387",2019,23,"rsv",0,0.05,0,0,0,0,0,0,0,0,0.02,0,0,0,0,0,0,0
"388",2019,24,"rsv",0,0.03,0,0,0,0,0,0,0,0,0,0,0,0,0,0,0,0
"389",2019,25,"rsv",0,0,0,0,0,0,0,0,0,0,0,0,0,0,0,0,0,0
"390",2019,26,"rsv",0,0,0,0,0,0,0,0,0,0,0,0,0,0,0,0,0,0
"391",2019,27,"rsv",0,0,0,0,0,0,0,0,0,0,0,0,0,0,0,0,0,0
"392",2019,28,"rsv",0,0.03,0,0,0,0,0,0,0,0,0,0,0,0,0,0,0,0
"393",2019,29,"rsv",0,0.03,0,0,0,0,0,0,0,0,0,0,0,0,0,0,0,0
"394",2019,30,"rsv",0,0,0,0,0,0,0,0,0,0,0,0,0,0,0,0,0,0.02
"395",2019,31,"rsv",0,0,0,0,0,0,0,0,0,0,0,0,0,0,0,0,0,0
"396",2019,32,"rsv",0,0,0,0,0,0,0,0,0,0,0,0,0,0,0,0,0,0
"397",2019,33,"rsv",0,0,0,0,0,0,0,0,0,0,0,0,0,0,0,0,0,0
"398",2019,34,"rsv",0,0,0,0,0,0,0,0,0,0,0,0.01,0,0.02,0,0,0,0
"399",2019,35,"rsv",0,0,0,0,0,0,0,0,0,0,0,0,0,0,0,0,0,0
"400",2019,36,"rsv",0,0,0,0,0,0,0,0,0,0,0,0,0,0,0.02,0,0,0
"401",2019,37,"rsv",0,0,0,0,0,0,0,0,0,0,0,0.01,0,0,0,0,0,0
"402",2019,38,"rsv",0,0,0,0.03,0,0,0,0,0,0,0,0,0,0,0,0,0,0
"403",2019,39,"rsv",0,0.03,0,0,0,0,0,0,0,0,0,0,0,0,0,0,0,0
"404",2019,40,"rsv",0,0,0,0,0,0,0,0,0,0.02,0,0,0,0,0,0,0,0
"405",2019,41,"rsv",0,0.05,0,0,0,0,0,0,0,0,0,0,0,0,0.02,0,0,0
"406",2019,42,"rsv",0,0,0,0,0,0,0,0,0,0,0,0,0,0,0,0,0,0.02
"407",2019,43,"rsv",0,0.03,0,0,0,0,0,0,0,0,0,0,0,0,0,0,0,0
"408",2019,44,"rsv",0,0.03,0,0,0,0,0,0,0,0,0,0,0,0,0,0,0,0
"409",2019,45,"rsv",0,0.1,0,0.03,0,0,0,0,0,0,0,0,0,0,0.02,0,0,0
"410",2019,46,"rsv",0,0.05,0,0,0,0,0,0,0,0,0,0,0,0,0,0,0,0
"411",2019,47,"rsv",0,0.05,0,0,0,0,0,0,0,0,0,0,0,0,0,0,0,0
"412",2019,48,"rsv",0.01,0.15,0,0,0,0,0,0,0,0,0,0,0,0,0,0.03,0.03,0.02
"413",2019,49,"rsv",0.01,0.28,0,0,0,0,0,0,0,0,0,0,0,0,0,0,0,0
"414",2019,50,"rsv",0.02,0.35,0,0.03,0,0,0,0,0.02,0,0,0,0,0,0,0,0,0
"415",2019,51,"rsv",0.03,0.56,0.03,0,0,0,0,0,0,0.02,0,0,0,0.02,0,0,0,0
"416",2019,52,"rsv",0.02,0.3,0,0,0,0,0,0.02,0,0,0,0,0,0,0.02,0,0,0.02
"417",2022,1,"covid19",405.99,229.77,469.38,575.46,791.72,905.56,768.73,593.58,511.32,477.72,435.33,354.66,277.68,199.6,137.9,109.79,93.16,107.76
"418",2022,2,"covid19",583.91,478.9,1097.9,1165.87,1221.12,1039.62,930.97,794.06,735.68,701.3,634.82,482.47,347.32,244.13,151.87,115.74,95.46,115.24
"419",2022,3,"covid19",956.66,1033.05,2410.3,2246.42,1669.2,1329.19,1290.83,1274.04,1325.05,1218.4,989.6,701.93,527.12,382.23,231.69,173.53,148.64,188.35
"420",2022,4,"covid19",1338.59,1295.84,3390.26,3447.69,2264.21,1657.1,1604.59,1753.06,1961.07,1865.85,1421.76,968.87,737,553.2,328.25,249.47,216.04,269.91
"421",2022,5,"covid19",1552.95,1306.51,3620.7,3847.99,2615.09,1880.74,1822.85,2005.89,2337.61,2234.9,1724.2,1180.14,916.44,700.91,428.81,330.03,283.73,384.05
"422",2022,6,"covid19",1573.7,1326.91,3358.78,3558.77,2603.88,1930.78,1860.31,2033.04,2327.81,2238.78,1757.69,1260.56,1013.86,792.07,496.36,392.83,342.25,486.3
"423",2022,7,"covid19",1433.68,1205.33,2795.89,2840.05,2265.18,1857.92,1765.64,1879.52,2092.52,1984.59,1595.8,1210.66,1005.33,796.11,501.96,407.5,362.98,517.76
"424",2022,8,"covid19",1313.07,1145.14,2380.57,2319.54,1962.44,1733.77,1645.52,1737.63,1894.7,1770.94,1447.23,1150.81,983.15,788.15,507.98,418.33,384.28,545.66
"425",2022,9,"covid19",1360.87,1095.58,2145.24,2028.23,2118.2,2105.64,1925.76,1854.67,1896.59,1755.65,1486.02,1242.55,1049.99,835.01,542.54,452.9,397.75,545.63
"426",2022,10,"covid19",1697.89,1192.08,2505.88,2662.56,2991.89,2688.92,2329.03,2179.63,2183.89,2105.29,1850.79,1610.14,1376.38,1097.09,723.48,620.35,547.93,679.37
"427",2022,11,"covid19",1900.84,1275.01,2636.97,3033.77,3028.71,2760.45,2518.06,2404.44,2428.46,2363.17,2129.88,1896.5,1665.74,1333.94,898.08,779.41,701.43,812.69
"428",2022,12,"covid19",1908.8,1305.8,2703.14,3051.05,2859.54,2528.79,2397.8,2391.67,2470.58,2419.5,2181.75,1928.67,1718.77,1408.73,953.5,836.56,756.65,837.02
"429",2022,13,"covid19",1556.04,985.4,1990,2376.92,2279.4,2003.81,1954.96,1938.24,1985.23,1976.62,1793.11,1619.44,1455.22,1204.81,831.39,729.09,652.09,718.74
"430",2022,14,"covid19",1183.4,753.52,1466.18,1679.27,1658.62,1540.69,1506.68,1512.46,1531.96,1490.17,1361.61,1251.3,1144.36,933.44,632.36,548.99,488.66,543.04
"431",2022,15,"covid19",936.71,584.13,1001.12,1053.46,1258.67,1305.64,1276.65,1240.44,1237.72,1187.62,1096.72,1007.81,934.86,775.65,531.01,460.5,414.25,437.72
"432",2022,16,"covid19",880.06,417.55,714.35,882.26,1126.19,1310.44,1266.55,1171.4,1130.38,1121.31,1093.64,1028.51,934.76,756.1,515.49,441.14,394.17,398.99
"433",2022,17,"covid19",717.74,335.09,672.97,906.65,1053.49,1036.83,984.87,905.48,845.82,859.56,854.58,821.24,740.57,611.89,419.01,375.63,336.82,350.59
"434",2022,18,"covid19",566.68,293.96,590.64,745.86,702.67,720.39,752.67,736.49,714.76,714.36,687.38,648.18,604.72,488.85,326.88,289.03,257.25,260.39
"435",2022,19,"covid19",491.28,233.11,511.53,693.08,624.91,608.49,643.55,635.75,638.12,647.96,610.52,554.98,504.4,416.11,280.8,251,221.85,211.24
"436",2022,20,"covid19",351.67,145.17,307.04,493.07,477.22,444.07,462.85,447.33,442.33,458.29,446.43,407.06,363.07,299.51,213.05,192.58,168.33,157.83
"437",2022,21,"covid19",224.88,82.76,164.4,276.4,283.25,290.46,319.78,304.65,286.81,295.79,285.44,262.23,237.6,197.78,135.77,123.19,111.38,103.07
"438",2022,22,"covid19",294.37,91.11,159.28,265.37,378.84,429.25,477.24,424.36,363.53,364.92,378.81,368.72,327.41,260.99,175.91,156.42,136.13,117.33
"439",2022,23,"covid19",397.83,116.27,196.47,346.74,484.22,605.77,672.37,576.58,496.12,492.9,502.75,502.88,462.17,361.51,228.93,196.42,166.54,150.4
"440",2022,24,"covid19",496.55,145.55,252.43,450.31,627.88,733.13,794.53,707.04,619.23,619.76,636.46,632.1,574.15,446.68,292.48,257.57,224.49,191.36
"441",2022,25,"covid19",689.88,194.6,374.57,713.67,854.88,951.35,1051.89,944.95,843.94,874.42,908.89,894.6,802.77,626.54,413.63,356.98,317.41,284.77
"442",2022,26,"covid19",748.21,229.59,422.59,786.52,902.7,944.6,1069.93,1008.3,939.25,949.87,980.72,970.71,897.41,711.74,464.68,401.43,355.22,321.62
"443",2022,27,"covid19",755.82,242.97,448.67,787.11,863.37,890.7,1030.43,1025.5,978.84,982.25,994.88,973.44,920.34,741.75,473.26,408.81,368.2,330.83
"444",2022,28,"covid19",811.28,264.1,473.11,805.56,882.08,951.7,1098.34,1090.39,1048.73,1051.85,1061.28,1026.95,988.48,806.85,523.5,460.5,423.39,403.16
"445",2022,29,"covid19",753.67,241.72,399.06,656.29,761.8,869.96,984.64,1006.28,975.09,982.43,984.15,972.67,931.38,774.05,508.76,453.48,427.15,425.48
"446",2022,30,"covid19",595.64,184.39,259.61,401.71,526.47,709.23,817.27,809.1,777.59,765.95,771.32,772,752.64,633.11,418.97,377.5,347.06,369.43
"447",2022,31,"covid19",436.1,143.08,178.13,235.88,356.76,525.72,598.44,604.67,581.03,559.73,563.42,554.53,550.3,474.65,313.35,283.61,264.45,287.19
"448",2022,32,"covid19",358.31,116.32,167.87,224.2,308.36,431.4,480.1,486.96,471.08,460.28,453.52,447.49,445.3,380.03,264.86,242.4,221.6,236.6
"449",2022,33,"covid19",316.39,117.7,186.08,230.24,276.72,366.48,406.07,419.01,414.98,403.89,392.87,385.94,386.76,333.41,232.25,206.72,199.05,219.73
"450",2022,34,"covid19",273.85,103.84,189.65,249.9,265.27,310.87,345.33,364.81,365.67,353.84,339.14,325.42,317.23,280.63,197.99,177.65,164.06,167.03
"451",2022,35,"covid19",242.38,88.6,172.09,223.99,242.2,272.61,299.63,317.54,323.81,320.85,298.72,281.68,277.9,247.38,179.95,164.91,146.5,148.01
"452",2022,36,"covid19",245.16,85.88,176.87,228.93,247.06,256.71,284.48,312.77,329.77,330.73,313.89,290.77,283.45,254.25,180.72,169.05,153.91,151.86
"453",2022,37,"covid19",275,91.36,177.8,252.63,266.35,275.49,310.69,341.2,359.87,363.4,344.11,337.1,337.09,300.03,211.15,201.35,183.6,174.24
"454",2022,38,"covid19",344.16,94.21,207.22,296.89,299.43,317.61,372.14,415.91,446.21,444.52,434.28,430.93,446.59,398.78,284.5,268.59,240.83,233.37
"455",2022,39,"covid19",551.2,103.87,232.68,378.77,426.89,490.15,608.9,658.46,681.02,701.99,710.04,728.16,765.95,679.47,478.45,445.72,413.81,416.42
"456",2022,40,"covid19",713.61,121.9,211.18,344.23,469.01,646.94,803.19,853.34,844.77,876.2,910.88,975.6,1063.15,932.61,640.51,600.25,552.01,583.64
"457",2022,41,"covid19",775.13,133.7,220.83,334.85,490.36,701.47,835.4,886.02,896.01,907.49,953.95,1041.23,1146.7,1043.2,747.07,708.65,668.3,708.11
"458",2022,42,"covid19",653.41,122.33,213.93,318.29,418.16,569.88,662.68,733.07,761.02,764.69,790.29,859.68,954.58,871.4,621.53,607.19,584.9,645.11
"459",2022,43,"covid19",449.36,95.39,172.88,253.54,302.04,398.47,459.58,523.03,541.46,547.03,544.55,583.54,634.49,562.61,409.97,395.47,385.88,436.46
"460",2022,44,"covid19",292.67,62.41,125.1,186.83,218.95,261.89,306.01,342.35,369.21,375.85,371.39,377.39,403.66,353.83,238.09,233.8,234.04,270.71
"461",2022,45,"covid19",242.8,51.34,115.69,177.38,216.96,234.89,267.89,285.8,304.43,311.42,304.89,299.8,317.99,273.94,185.25,184.82,185.86,232.06
"462",2022,46,"covid19",203.84,45,109.98,156.17,173.82,190.69,223.19,244.49,258.85,268.11,253.29,260.51,267.19,226.71,146.34,147.05,148.64,192.73
"463",2022,47,"covid19",204.89,37.78,100.25,152.19,169.61,185.58,227.09,249.1,263.93,271.13,263.01,256.75,270.8,226.41,139.9,142.88,154.54,209.96
"464",2022,48,"covid19",221.89,36.75,78.73,134.07,185.42,212.96,243.79,265.94,280.44,298.17,290.46,286.74,302.48,250.27,154.69,150.94,165.63,236.14
"465",2022,49,"covid19",239.53,35.52,58.38,104.45,177.29,234.21,271.71,287.58,299,304.76,312.19,315.24,338.11,279.54,172.16,174.71,189.31,276.03
"466",2022,50,"covid19",267.69,36.6,48.2,86.6,181.95,267.55,313.57,324.8,330.3,330.98,342.63,358.53,386.65,316.23,195.68,197.64,220.97,321.97
"467",2022,51,"covid19",276.85,36.6,41.77,68.52,155.58,264.81,327.3,330,330.9,326.66,339.32,365.39,400.03,339.42,219.83,232.17,252.32,365.43
"468",2022,52,"covid19",181.83,30.06,25.31,34.46,77.5,167.63,212.81,215.09,215.76,215.67,220.38,239.03,269.59,230.58,148.51,154.65,168.36,249.61
"469",2022,1,"flu",0.22,0.65,0.36,0.08,0.34,0.51,0.43,0.31,0.26,0.18,0.08,0.13,0.01,0.07,0.02,0.05,0.25,0.25
"470",2022,2,"flu",0.28,0.86,0.36,0.45,0.5,0.55,0.49,0.34,0.3,0.23,0.12,0.16,0.07,0.08,0.06,0.12,0.09,0.21
"471",2022,3,"flu",0.35,1.61,0.82,0.45,0.37,0.33,0.53,0.38,0.34,0.23,0.23,0.08,0.09,0.05,0.1,0.07,0.19,0.39
"472",2022,4,"flu",0.35,1.53,1.49,0.35,0.47,0.35,0.43,0.41,0.34,0.23,0.12,0.11,0.09,0.1,0.02,0.17,0.16,0.2
"473",2022,5,"flu",0.4,1.46,2.26,0.72,0.47,0.27,0.37,0.45,0.43,0.33,0.21,0.08,0.07,0.13,0.08,0.12,0.03,0.1
"474",2022,6,"flu",0.34,1.48,1.39,0.53,0.39,0.29,0.31,0.43,0.28,0.39,0.25,0.08,0.16,0.18,0.06,0.07,0.06,0.05
"475",2022,7,"flu",0.3,1.18,1.21,0.53,0.21,0.18,0.2,0.49,0.28,0.31,0.1,0.08,0.09,0.07,0.08,0.14,0.25,0.16
"476",2022,8,"flu",0.24,1.31,0.77,0.19,0.1,0.2,0.2,0.36,0.37,0.14,0.1,0.13,0.04,0.07,0.1,0.1,0.03,0.13
"477",2022,9,"flu",0.24,1.08,0.75,0.4,0.47,0.24,0.22,0.18,0.21,0.23,0.12,0.02,0.04,0.15,0.12,0,0.13,0.11
"478",2022,10,"flu",0.38,1.13,1.13,0.35,0.89,0.62,0.39,0.45,0.28,0.27,0.16,0.21,0.18,0.13,0.06,0.22,0.22,0.33
"479",2022,11,"flu",0.57,1.58,1.7,0.59,1.15,1.13,0.74,0.59,0.54,0.39,0.12,0.32,0.28,0.3,0.1,0.22,0.28,0.39
"480",2022,12,"flu",0.77,2.14,1.98,1.18,1.44,1.42,1.02,0.77,0.64,0.47,0.39,0.47,0.35,0.22,0.24,0.29,0.47,0.56
"481",2022,13,"flu",0.84,2.01,2.34,1.28,2.01,1.59,1.1,0.79,0.69,0.8,0.51,0.27,0.29,0.3,0.24,0.29,0.22,0.77
"482",2022,14,"flu",1.05,3.32,2.78,1.76,2.53,1.57,1.02,1.13,1.01,0.76,0.76,0.53,0.39,0.35,0.24,0.38,0.31,0.65
"483",2022,15,"flu",1.25,3.6,4.01,1.92,3.34,2.06,1.33,1.19,1.01,0.88,0.51,0.67,0.29,0.47,0.38,0.41,0.41,0.95
"484",2022,16,"flu",1.27,3.72,2.93,1.5,3.34,2.3,1.51,1.21,0.97,0.86,0.64,0.64,0.6,0.62,0.42,0.65,0.5,0.93
"485",2022,17,"flu",1.82,5.06,3.83,2.89,5.41,3.38,1.94,1.64,1.56,1.21,1.01,0.77,0.8,0.83,0.66,0.6,1.13,1.1
"486",2022,18,"flu",2.08,5.66,8.08,5.29,5.41,3.45,1.96,1.94,1.74,1.21,0.99,0.61,0.76,0.55,0.4,0.31,0.53,0.82
"487",2022,19,"flu",2.56,6.87,12.73,8.12,6.69,2.28,1.76,1.71,1.72,1.31,1.15,0.76,0.76,0.88,0.64,0.77,0.69,1.05
"488",2022,20,"flu",2.24,5.28,9.49,7.67,5.88,2.56,1.41,1.73,1.86,1.17,1.07,0.69,0.86,0.75,0.62,0.67,0.69,0.87
"489",2022,21,"flu",1.14,3.52,5.2,2.64,1.96,1.28,1.02,1.13,0.92,0.82,0.41,0.21,0.58,0.38,0.26,0.38,0.5,0.54
"490",2022,22,"flu",0.93,2.29,2.78,1.76,2.87,1.68,1.1,0.92,0.92,0.57,0.53,0.39,0.32,0.27,0.18,0.41,0.25,0.29
"491",2022,23,"flu",0.74,2.04,1.88,1.84,1.67,1.48,0.9,0.65,0.66,0.31,0.31,0.27,0.47,0.37,0.18,0.17,0.22,0.31
"492",2022,24,"flu",0.69,2.06,1.59,1.12,1.72,1.37,1.06,0.79,0.43,0.49,0.35,0.19,0.13,0.35,0.2,0.29,0.35,0.39
"493",2022,25,"flu",0.65,1.11,2.08,1.12,2.64,1.53,0.76,0.68,0.3,0.25,0.21,0.19,0.19,0.25,0.32,0.19,0.22,0.25
"494",2022,26,"flu",0.42,0.86,0.72,0.83,1.31,0.97,0.63,0.54,0.24,0.35,0.33,0.18,0.1,0.13,0.08,0.17,0.09,0.2
"495",2022,27,"flu",0.26,0.55,0.57,0.59,1.02,0.42,0.43,0.29,0.19,0.12,0.1,0.13,0.07,0.12,0.06,0.07,0.06,0.1
"496",2022,28,"flu",0.27,0.48,0.41,0.43,1.41,0.8,0.35,0.16,0.22,0.14,0.12,0.08,0.07,0.1,0.06,0.05,0.09,0.13
"497",2022,29,"flu",0.24,0.63,0.33,0.27,0.89,0.71,0.49,0.27,0.28,0.06,0.08,0.08,0.09,0.07,0.04,0.02,0.03,0.05
"498",2022,30,"flu",0.21,0.4,0.13,0.16,0.91,0.6,0.41,0.31,0.17,0.08,0.12,0.08,0.1,0.12,0,0.02,0.13,0.13
"499",2022,31,"flu",0.2,0.13,0.33,0.27,1.46,0.57,0.41,0.16,0.09,0.04,0.04,0.03,0.04,0.05,0.1,0.05,0.06,0.08
"500",2022,32,"flu",0.21,0.3,0.36,0.21,0.99,0.73,0.33,0.27,0.11,0.04,0.08,0.06,0.03,0.12,0.08,0,0.03,0.1
"501",2022,33,"flu",0.25,0.4,0.26,0.27,1.59,0.8,0.41,0.23,0.11,0.12,0.12,0.02,0.13,0.07,0.08,0.07,0.16,0.03
"502",2022,34,"flu",0.3,0.43,0.23,0.24,1.44,1.08,0.51,0.38,0.21,0.12,0.23,0.11,0.13,0.17,0.02,0.02,0.09,0.1
"503",2022,35,"flu",0.3,0.43,0.39,0.27,1.31,0.91,0.43,0.36,0.28,0.12,0.23,0.1,0.16,0.12,0.1,0.07,0.16,0.15
"504",2022,36,"flu",0.3,0.45,0.8,0.64,0.91,0.69,0.33,0.32,0.34,0.23,0.12,0.13,0.12,0.08,0.12,0.14,0.16,0.07
"505",2022,37,"flu",0.3,0.33,0.62,0.61,1.02,0.44,0.43,0.34,0.24,0.31,0.29,0.14,0.19,0.08,0.1,0.07,0.06,0.11
"506",2022,38,"flu",0.37,0.93,1.21,0.88,0.89,0.35,0.35,0.45,0.32,0.33,0.21,0.16,0.15,0.2,0.08,0.19,0.13,0.13
"507",2022,39,"flu",0.76,1.38,2.01,1.28,1.36,0.86,1.57,1.22,1.07,0.6,0.62,0.34,0.29,0.22,0.16,0.19,0.19,0.28
"508",2022,40,"flu",1.1,2.52,2.73,2.59,1.91,1.04,1.86,1.58,1.22,0.97,0.9,0.53,0.5,0.45,0.28,0.48,0.22,0.34
"509",2022,41,"flu",1.82,4.73,5.86,4.49,4.31,1.72,2.15,1.66,1.82,1.64,0.84,1.09,0.74,0.73,0.62,0.38,0.53,0.64
"510",2022,42,"flu",2.32,7.14,9.39,6.41,4.81,2.26,1.82,1.82,2.12,1.83,1.32,0.79,0.74,0.83,0.46,0.74,0.94,0.92
"511",2022,43,"flu",2.7,7.97,11.68,8.04,5.57,2.59,2,2.02,2.74,2.18,1.23,0.96,0.79,0.87,0.72,0.77,0.94,0.79
"512",2022,44,"flu",2.81,9.08,11.42,6.28,5.8,2.87,2.08,2.75,3.04,2.07,1.56,0.84,0.98,0.75,0.64,0.91,1.13,1.23
"513",2022,45,"flu",4.41,15.07,17.1,10.34,8.94,4.44,3.29,3.94,4.67,3.51,2.55,1.62,1.49,1.42,1.31,1.53,1.63,1.16
"514",2022,46,"flu",8.26,23.32,37.63,24.31,16.67,6.9,6.77,7.17,7.37,6.66,4.77,3.13,2.48,2.09,2.15,2.2,2.29,2.41
"515",2022,47,"flu",17.99,45.25,78.32,59.12,36.01,14.13,12.61,16.33,17.62,14.67,9.13,6.75,6.08,5.66,4.53,5.06,4.99,6.46
"516",2022,48,"flu",36.65,86.99,136.83,122.56,79.85,30.23,26.49,32.18,35.61,32.31,22.35,15.81,13.88,14.15,10.12,9.85,11.34,14.22
"517",2022,49,"flu",58.3,135.46,184.02,149.67,119.08,58.22,50.77,59.82,61.93,52.55,37.31,26.52,27.01,26.46,19,21.59,22.55,30.14
"518",2022,50,"flu",71.61,162.28,170.47,148.37,131.07,77.48,64.67,73.93,75.14,62.29,49.13,38.86,40.49,41.36,30.64,35.68,40.61,57.71
"519",2022,51,"flu",63.19,141.9,100.67,75.81,94.41,71.11,63.4,67.6,63.97,54.83,44.16,37.56,42.47,44.63,36.76,44.4,50.45,79.06
"520",2022,52,"flu",26.52,59.37,28.81,16.94,21.74,23.84,23.52,24.58,22.75,17.96,15.66,14.94,18.3,21.86,22.95,28.73,37.19,58.38
"521",2022,1,"rsv",0.03,0.13,0,0.03,0.03,0.02,0,0.04,0,0.02,0,0,0.04,0,0.02,0.05,0,0.07
"522",2022,2,"rsv",0.02,0.15,0.03,0.03,0,0.02,0,0.04,0,0,0.02,0,0.01,0.02,0.02,0,0,0.02
"523",2022,3,"rsv",0.02,0.18,0.03,0,0,0,0.02,0,0,0,0.04,0,0,0.02,0.02,0.02,0,0.03
"524",2022,4,"rsv",0.02,0.2,0.03,0,0,0,0,0.02,0.02,0,0,0,0,0.02,0,0,0,0.02
"525",2022,5,"rsv",0.02,0.15,0.05,0.03,0.03,0,0,0,0,0,0,0.02,0,0,0.04,0,0.03,0
"526",2022,6,"rsv",0.01,0.1,0.03,0.03,0,0,0,0.02,0.02,0.02,0,0,0,0,0,0,0,0
"527",2022,7,"rsv",0,0.03,0,0,0,0.02,0,0,0,0,0,0,0.01,0,0,0,0,0
"528",2022,8,"rsv",0,0.08,0,0,0,0,0,0.02,0,0.02,0,0.03,0,0,0,0,0,0
"529",2022,9,"rsv",0,0.08,0,0,0,0,0,0,0,0,0,0.02,0,0,0,0,0,0
"530",2022,10,"rsv",0,0.1,0,0,0,0,0,0,0,0,0,0,0,0,0,0.05,0,0
"531",2022,11,"rsv",0,0,0,0,0,0,0,0,0,0,0,0.02,0,0,0,0,0,0
"532",2022,12,"rsv",0,0.1,0.03,0,0,0,0,0.02,0,0,0,0,0.01,0,0,0,0,0.02
"533",2022,13,"rsv",0,0.05,0.05,0,0,0,0.02,0.02,0,0,0,0,0,0,0.02,0,0,0
"534",2022,14,"rsv",0,0.1,0,0,0,0,0,0,0,0,0,0,0,0,0,0,0,0
"535",2022,15,"rsv",0,0,0.03,0,0,0,0,0,0,0,0,0,0,0,0,0,0,0
"536",2022,16,"rsv",0.01,0.08,0,0,0,0,0,0.02,0,0,0,0.03,0.01,0,0.04,0,0,0
"537",2022,17,"rsv",0,0.08,0,0,0,0,0,0,0,0.02,0,0.03,0,0.02,0,0,0,0
"538",2022,18,"rsv",0,0.03,0,0,0,0.02,0,0,0,0,0,0,0,0,0,0.02,0.03,0.02
"539",2022,19,"rsv",0.01,0.05,0,0,0.03,0,0,0,0,0,0,0,0,0.02,0.02,0,0,0.07
"540",2022,20,"rsv",0,0,0,0,0.03,0,0,0,0,0.02,0,0,0,0,0,0,0,0
"541",2022,21,"rsv",0,0,0,0,0,0,0,0,0,0,0,0,0,0,0,0,0,0
"542",2022,22,"rsv",0,0,0,0,0,0,0,0.02,0,0,0,0,0,0,0,0,0,0
"543",2022,23,"rsv",0,0,0.03,0.03,0,0.02,0,0,0,0,0,0,0,0,0.02,0,0.03,0.02
"544",2022,24,"rsv",0,0.08,0,0,0,0.02,0,0,0,0.02,0.02,0,0,0,0,0.02,0,0
"545",2022,25,"rsv",0,0.03,0,0.03,0,0,0,0.02,0,0,0,0,0.01,0.02,0,0,0,0
"546",2022,26,"rsv",0,0.03,0,0,0.05,0,0,0,0.02,0.02,0,0,0.01,0,0,0,0.03,0
"547",2022,27,"rsv",0.01,0.08,0,0.05,0,0,0,0.04,0,0.02,0,0,0,0,0,0,0.03,0.02
"548",2022,28,"rsv",0,0.05,0,0,0,0.02,0,0,0,0.02,0,0,0,0,0.02,0,0,0
"549",2022,29,"rsv",0,0.03,0,0,0,0,0,0,0,0,0,0.02,0,0,0,0,0.03,0
"550",2022,30,"rsv",0,0.1,0,0,0,0,0,0.02,0,0,0,0,0,0,0,0,0,0
"551",2022,31,"rsv",0,0,0,0,0,0,0,0,0,0,0,0,0.01,0,0,0.02,0,0
"552",2022,32,"rsv",0,0.05,0,0,0,0,0,0,0,0.02,0,0.02,0,0,0,0,0,0
"553",2022,33,"rsv",0,0,0,0,0,0,0,0,0,0,0,0,0,0,0,0,0,0
"554",2022,34,"rsv",0,0.03,0,0,0,0,0,0.02,0,0,0,0,0,0,0,0,0,0
"555",2022,35,"rsv",0,0.03,0.03,0,0,0,0,0,0,0,0,0,0,0,0,0,0,0.02
"556",2022,36,"rsv",0,0.08,0,0,0,0,0,0,0,0,0,0,0,0,0,0,0,0
"557",2022,37,"rsv",0,0.08,0,0.03,0,0,0,0,0,0,0,0,0,0,0.02,0,0,0
"558",2022,38,"rsv",0.01,0.2,0.03,0,0,0.02,0,0,0,0,0,0,0,0,0,0.02,0,0
"559",2022,39,"rsv",0.01,0.23,0,0,0,0,0.02,0,0,0.02,0,0,0.01,0,0,0,0,0
"560",2022,40,"rsv",0.01,0.2,0,0,0,0,0.02,0.02,0,0,0,0,0,0,0,0,0,0.02
"561",2022,41,"rsv",0.04,0.58,0,0.03,0.03,0,0.02,0.05,0.02,0,0,0,0,0.03,0,0,0,0
"562",2022,42,"rsv",0.04,0.63,0,0,0,0.02,0.02,0.02,0,0,0,0,0,0.02,0.02,0,0,0.02
"563",2022,43,"rsv",0.06,0.98,0.08,0,0,0.02,0,0,0.06,0.02,0,0,0,0,0.02,0.02,0.03,0.02
"564",2022,44,"rsv",0.09,1.48,0.1,0,0.03,0.04,0,0.04,0.06,0.04,0.02,0,0.03,0.02,0,0,0,0.02
"565",2022,45,"rsv",0.19,3.09,0.21,0,0.16,0.02,0.04,0.04,0.02,0.02,0.02,0.06,0.03,0.03,0.06,0.05,0,0.07
"566",2022,46,"rsv",0.27,4.18,0.33,0.11,0.1,0.07,0.04,0.09,0.11,0,0.04,0.05,0.06,0.05,0.04,0,0.03,0.05
"567",2022,47,"rsv",0.57,9.13,0.54,0.11,0.13,0.04,0.12,0.22,0.15,0.08,0.08,0,0.15,0.05,0.06,0.24,0.16,0.21
"568",2022,48,"rsv",0.84,12.05,0.9,0.48,0.52,0.15,0.12,0.22,0.39,0.19,0.21,0.11,0.22,0.23,0.16,0.29,0.09,0.36
"569",2022,49,"rsv",1.41,17.46,2.21,1.31,1.33,0.46,0.31,0.56,0.69,0.43,0.31,0.24,0.41,0.43,0.26,0.26,0.28,0.8
"570",2022,50,"rsv",1.43,14.49,2.29,0.96,1.28,0.55,0.59,0.68,0.62,0.62,0.45,0.63,0.57,0.52,0.54,0.72,0.85,1.08
"571",2022,51,"rsv",1.27,9.84,1.75,0.64,0.99,0.64,0.35,0.63,0.6,0.66,0.53,0.56,0.58,0.58,0.7,0.98,1.66,2.01
"572",2022,52,"rsv",0.67,4.93,0.46,0.21,0.29,0.33,0.08,0.18,0.26,0.19,0.35,0.37,0.34,0.2,0.52,0.67,0.88,1.87
"573",2023,1,"covid19",155.49,29.1,24.56,30.75,73.03,156.06,189.69,188.78,189.33,186.45,187.24,197.51,216.48,189.77,121,128.08,143.01,217.52
"574",2023,2,"covid19",0,0,0,0,0,0,0,0,0,0,0,0,0,0,0,0,0,0
"575",2023,3,"covid19",0,0,0,0,0,0,0,0,0,0,0,0,0,0,0,0,0,0
"576",2023,4,"covid19",0,0,0,0,0,0,0,0,0,0,0,0,0,0,0,0,0,0
"577",2023,5,"covid19",0,0,0,0,0,0,0,0,0,0,0,0,0,0,0,0,0,0
"578",2023,6,"covid19",0,0,0,0,0,0,0,0,0,0,0,0,0,0,0,0,0,0
"579",2023,7,"covid19",0,0,0,0,0,0,0,0,0,0,0,0,0,0,0,0,0,0
"580",2023,8,"covid19",0,0,0,0,0,0,0,0,0,0,0,0,0,0,0,0,0,0
"581",2023,9,"covid19",0,0,0,0,0,0,0,0,0,0,0,0,0,0,0,0,0,0
"582",2023,10,"covid19",0,0,0,0,0,0,0,0,0,0,0,0,0,0,0,0,0,0
"583",2023,11,"covid19",0,0,0,0,0,0,0,0,0,0,0,0,0,0,0,0,0,0
"584",2023,12,"covid19",0,0,0,0,0,0,0,0,0,0,0,0,0,0,0,0,0,0
"585",2023,13,"covid19",0,0,0,0,0,0,0,0,0,0,0,0,0,0,0,0,0,0
"586",2023,14,"covid19",0,0,0,0,0,0,0,0,0,0,0,0,0,0,0,0,0,0
"587",2023,15,"covid19",0,0,0,0,0,0,0,0,0,0,0,0,0,0,0,0,0,0
"588",2023,16,"covid19",0,0,0,0,0,0,0,0,0,0,0,0,0,0,0,0,0,0
"589",2023,17,"covid19",0,0,0,0,0,0,0,0,0,0,0,0,0,0,0,0,0,0
"590",2023,18,"covid19",0,0,0,0,0,0,0,0,0,0,0,0,0,0,0,0,0,0
"591",2023,19,"covid19",0,0,0,0,0,0,0,0,0,0,0,0,0,0,0,0,0,0
"592",2023,20,"covid19",0,0,0,0,0,0,0,0,0,0,0,0,0,0,0,0,0,0
"593",2023,21,"covid19",0,0,0,0,0,0,0,0,0,0,0,0,0,0,0,0,0,0
"594",2023,22,"covid19",0,0,0,0,0,0,0,0,0,0,0,0,0,0,0,0,0,0
"595",2023,23,"covid19",0,0,0,0,0,0,0,0,0,0,0,0,0,0,0,0,0,0
"596",2023,24,"covid19",0,0,0,0,0,0,0,0,0,0,0,0,0,0,0,0,0,0
"597",2023,25,"covid19",0,0,0,0,0,0,0,0,0,0,0,0,0,0,0,0,0,0
"598",2023,26,"covid19",0,0,0,0,0,0,0,0,0,0,0,0,0,0,0,0,0,0
"599",2023,27,"covid19",0,0,0,0,0,0,0,0,0,0,0,0,0,0,0,0,0,0
"600",2023,28,"covid19",0,0,0,0,0,0,0,0,0,0,0,0,0,0,0,0,0,0
"601",2023,29,"covid19",0,0,0,0,0,0,0,0,0,0,0,0,0,0,0,0,0,0
"602",2023,30,"covid19",0,0,0,0,0,0,0,0,0,0,0,0,0,0,0,0,0,0
"603",2023,31,"covid19",0,0,0,0,0,0,0,0,0,0,0,0,0,0,0,0,0,0
"604",2023,32,"covid19",0,0,0,0,0,0,0,0,0,0,0,0,0,0,0,0,0,0
"605",2023,33,"covid19",0,0,0,0,0,0,0,0,0,0,0,0,0,0,0,0,0,0
"606",2023,34,"covid19",0,0,0,0,0,0,0,0,0,0,0,0,0,0,0,0,0,0
"607",2023,35,"covid19",0,0,0,0,0,0,0,0,0,0,0,0,0,0,0,0,0,0
"608",2023,36,"covid19",0,0,0,0,0,0,0,0,0,0,0,0,0,0,0,0,0,0
"609",2023,37,"covid19",0,0,0,0,0,0,0,0,0,0,0,0,0,0,0,0,0,0
"610",2023,38,"covid19",0,0,0,0,0,0,0,0,0,0,0,0,0,0,0,0,0,0
"611",2023,39,"covid19",0,0,0,0,0,0,0,0,0,0,0,0,0,0,0,0,0,0
"612",2023,40,"covid19",0,0,0,0,0,0,0,0,0,0,0,0,0,0,0,0,0,0
"613",2023,41,"covid19",0,0,0,0,0,0,0,0,0,0,0,0,0,0,0,0,0,0
"614",2023,42,"covid19",0,0,0,0,0,0,0,0,0,0,0,0,0,0,0,0,0,0
"615",2023,43,"covid19",0,0,0,0,0,0,0,0,0,0,0,0,0,0,0,0,0,0
"616",2023,44,"covid19",0,0,0,0,0,0,0,0,0,0,0,0,0,0,0,0,0,0
"617",2023,45,"covid19",0,0,0,0,0,0,0,0,0,0,0,0,0,0,0,0,0,0
"618",2023,46,"covid19",0,0,0,0,0,0,0,0,0,0,0,0,0,0,0,0,0,0
"619",2023,47,"covid19",0,0,0,0,0,0,0,0,0,0,0,0,0,0,0,0,0,0
"620",2023,48,"covid19",0,0,0,0,0,0,0,0,0,0,0,0,0,0,0,0,0,0
"621",2023,49,"covid19",0,0,0,0,0,0,0,0,0,0,0,0,0,0,0,0,0,0
"622",2023,50,"covid19",0,0,0,0,0,0,0,0,0,0,0,0,0,0,0,0,0,0
"623",2023,51,"covid19",0,0,0,0,0,0,0,0,0,0,0,0,0,0,0,0,0,0
"624",2023,52,"covid19",0,0,0,0,0,0,0,0,0,0,0,0,0,0,0,0,0,0
"625",2023,1,"flu",17.13,34.34,13.63,7.72,10.84,16.41,16.39,16.37,14.99,12.76,10.73,10.51,13.33,16.02,15.14,18.52,23.59,39.38
"626",2023,2,"flu",0,0,0,0,0,0,0,0,0,0,0,0,0,0,0,0,0,0
"627",2023,3,"flu",0,0,0,0,0,0,0,0,0,0,0,0,0,0,0,0,0,0
"628",2023,4,"flu",0,0,0,0,0,0,0,0,0,0,0,0,0,0,0,0,0,0
"629",2023,5,"flu",0,0,0,0,0,0,0,0,0,0,0,0,0,0,0,0,0,0
"630",2023,6,"flu",0,0,0,0,0,0,0,0,0,0,0,0,0,0,0,0,0,0
"631",2023,7,"flu",0,0,0,0,0,0,0,0,0,0,0,0,0,0,0,0,0,0
"632",2023,8,"flu",0,0,0,0,0,0,0,0,0,0,0,0,0,0,0,0,0,0
"633",2023,9,"flu",0,0,0,0,0,0,0,0,0,0,0,0,0,0,0,0,0,0
"634",2023,10,"flu",0,0,0,0,0,0,0,0,0,0,0,0,0,0,0,0,0,0
"635",2023,11,"flu",0,0,0,0,0,0,0,0,0,0,0,0,0,0,0,0,0,0
"636",2023,12,"flu",0,0,0,0,0,0,0,0,0,0,0,0,0,0,0,0,0,0
"637",2023,13,"flu",0,0,0,0,0,0,0,0,0,0,0,0,0,0,0,0,0,0
"638",2023,14,"flu",0,0,0,0,0,0,0,0,0,0,0,0,0,0,0,0,0,0
"639",2023,15,"flu",0,0,0,0,0,0,0,0,0,0,0,0,0,0,0,0,0,0
"640",2023,16,"flu",0,0,0,0,0,0,0,0,0,0,0,0,0,0,0,0,0,0
"641",2023,17,"flu",0,0,0,0,0,0,0,0,0,0,0,0,0,0,0,0,0,0
"642",2023,18,"flu",0,0,0,0,0,0,0,0,0,0,0,0,0,0,0,0,0,0
"643",2023,19,"flu",0,0,0,0,0,0,0,0,0,0,0,0,0,0,0,0,0,0
"644",2023,20,"flu",0,0,0,0,0,0,0,0,0,0,0,0,0,0,0,0,0,0
"645",2023,21,"flu",0,0,0,0,0,0,0,0,0,0,0,0,0,0,0,0,0,0
"646",2023,22,"flu",0,0,0,0,0,0,0,0,0,0,0,0,0,0,0,0,0,0
"647",2023,23,"flu",0,0,0,0,0,0,0,0,0,0,0,0,0,0,0,0,0,0
"648",2023,24,"flu",0,0,0,0,0,0,0,0,0,0,0,0,0,0,0,0,0,0
"649",2023,25,"flu",0,0,0,0,0,0,0,0,0,0,0,0,0,0,0,0,0,0
"650",2023,26,"flu",0,0,0,0,0,0,0,0,0,0,0,0,0,0,0,0,0,0
"651",2023,27,"flu",0,0,0,0,0,0,0,0,0,0,0,0,0,0,0,0,0,0
"652",2023,28,"flu",0,0,0,0,0,0,0,0,0,0,0,0,0,0,0,0,0,0
"653",2023,29,"flu",0,0,0,0,0,0,0,0,0,0,0,0,0,0,0,0,0,0
"654",2023,30,"flu",0,0,0,0,0,0,0,0,0,0,0,0,0,0,0,0,0,0
"655",2023,31,"flu",0,0,0,0,0,0,0,0,0,0,0,0,0,0,0,0,0,0
"656",2023,32,"flu",0,0,0,0,0,0,0,0,0,0,0,0,0,0,0,0,0,0
"657",2023,33,"flu",0,0,0,0,0,0,0,0,0,0,0,0,0,0,0,0,0,0
"658",2023,34,"flu",0,0,0,0,0,0,0,0,0,0,0,0,0,0,0,0,0,0
"659",2023,35,"flu",0,0,0,0,0,0,0,0,0,0,0,0,0,0,0,0,0,0
"660",2023,36,"flu",0,0,0,0,0,0,0,0,0,0,0,0,0,0,0,0,0,0
"661",2023,37,"flu",0,0,0,0,0,0,0,0,0,0,0,0,0,0,0,0,0,0
"662",2023,38,"flu",0,0,0,0,0,0,0,0,0,0,0,0,0,0,0,0,0,0
"663",2023,39,"flu",0,0,0,0,0,0,0,0,0,0,0,0,0,0,0,0,0,0
"664",2023,40,"flu",0,0,0,0,0,0,0,0,0,0,0,0,0,0,0,0,0,0
"665",2023,41,"flu",0,0,0,0,0,0,0,0,0,0,0,0,0,0,0,0,0,0
"666",2023,42,"flu",0,0,0,0,0,0,0,0,0,0,0,0,0,0,0,0,0,0
"667",2023,43,"flu",0,0,0,0,0,0,0,0,0,0,0,0,0,0,0,0,0,0
"668",2023,44,"flu",0,0,0,0,0,0,0,0,0,0,0,0,0,0,0,0,0,0
"669",2023,45,"flu",0,0,0,0,0,0,0,0,0,0,0,0,0,0,0,0,0,0
"670",2023,46,"flu",0,0,0,0,0,0,0,0,0,0,0,0,0,0,0,0,0,0
"671",2023,47,"flu",0,0,0,0,0,0,0,0,0,0,0,0,0,0,0,0,0,0
"672",2023,48,"flu",0,0,0,0,0,0,0,0,0,0,0,0,0,0,0,0,0,0
"673",2023,49,"flu",0,0,0,0,0,0,0,0,0,0,0,0,0,0,0,0,0,0
"674",2023,50,"flu",0,0,0,0,0,0,0,0,0,0,0,0,0,0,0,0,0,0
"675",2023,51,"flu",0,0,0,0,0,0,0,0,0,0,0,0,0,0,0,0,0,0
"676",2023,52,"flu",0,0,0,0,0,0,0,0,0,0,0,0,0,0,0,0,0,0
"677",2023,1,"rsv",0.98,4.48,0.57,0.59,0.78,0.46,0.35,0.36,0.52,0.39,0.84,0.88,0.76,0.83,0.7,0.91,1.38,2.29
"678",2023,2,"rsv",0.62,2.59,0.31,0.27,0.52,0.66,0.2,0.22,0.22,0.35,0.33,0.45,0.42,0.55,0.54,0.62,0.85,1.65
"679",2023,3,"rsv",0,0,0,0,0,0,0,0,0,0,0,0,0,0,0,0,0,0
"680",2023,4,"rsv",0,0,0,0,0,0,0,0,0,0,0,0,0,0,0,0,0,0
"681",2023,5,"rsv",0,0,0,0,0,0,0,0,0,0,0,0,0,0,0,0,0,0
"682",2023,6,"rsv",0,0,0,0,0,0,0,0,0,0,0,0,0,0,0,0,0,0
"683",2023,7,"rsv",0,0,0,0,0,0,0,0,0,0,0,0,0,0,0,0,0,0
"684",2023,8,"rsv",0,0,0,0,0,0,0,0,0,0,0,0,0,0,0,0,0,0
"685",2023,9,"rsv",0,0,0,0,0,0,0,0,0,0,0,0,0,0,0,0,0,0
"686",2023,10,"rsv",0,0,0,0,0,0,0,0,0,0,0,0,0,0,0,0,0,0
"687",2023,11,"rsv",0,0,0,0,0,0,0,0,0,0,0,0,0,0,0,0,0,0
"688",2023,12,"rsv",0,0,0,0,0,0,0,0,0,0,0,0,0,0,0,0,0,0
"689",2023,13,"rsv",0,0,0,0,0,0,0,0,0,0,0,0,0,0,0,0,0,0
"690",2023,14,"rsv",0,0,0,0,0,0,0,0,0,0,0,0,0,0,0,0,0,0
"691",2023,15,"rsv",0,0,0,0,0,0,0,0,0,0,0,0,0,0,0,0,0,0
"692",2023,16,"rsv",0,0,0,0,0,0,0,0,0,0,0,0,0,0,0,0,0,0
"693",2023,17,"rsv",0,0,0,0,0,0,0,0,0,0,0,0,0,0,0,0,0,0
"694",2023,18,"rsv",0,0,0,0,0,0,0,0,0,0,0,0,0,0,0,0,0,0
"695",2023,19,"rsv",0,0,0,0,0,0,0,0,0,0,0,0,0,0,0,0,0,0
"696",2023,20,"rsv",0,0,0,0,0,0,0,0,0,0,0,0,0,0,0,0,0,0
"697",2023,21,"rsv",0,0,0,0,0,0,0,0,0,0,0,0,0,0,0,0,0,0
"698",2023,22,"rsv",0,0,0,0,0,0,0,0,0,0,0,0,0,0,0,0,0,0
"699",2023,23,"rsv",0,0,0,0,0,0,0,0,0,0,0,0,0,0,0,0,0,0
"700",2023,24,"rsv",0,0,0,0,0,0,0,0,0,0,0,0,0,0,0,0,0,0
"701",2023,25,"rsv",0,0,0,0,0,0,0,0,0,0,0,0,0,0,0,0,0,0
"702",2023,26,"rsv",0,0,0,0,0,0,0,0,0,0,0,0,0,0,0,0,0,0
"703",2023,27,"rsv",0,0,0,0,0,0,0,0,0,0,0,0,0,0,0,0,0,0
"704",2023,28,"rsv",0,0,0,0,0,0,0,0,0,0,0,0,0,0,0,0,0,0
"705",2023,29,"rsv",0,0,0,0,0,0,0,0,0,0,0,0,0,0,0,0,0,0
"706",2023,30,"rsv",0,0,0,0,0,0,0,0,0,0,0,0,0,0,0,0,0,0
"707",2023,31,"rsv",0,0,0,0,0,0,0,0,0,0,0,0,0,0,0,0,0,0
"708",2023,32,"rsv",0,0,0,0,0,0,0,0,0,0,0,0,0,0,0,0,0,0
"709",2023,33,"rsv",0,0,0,0,0,0,0,0,0,0,0,0,0,0,0,0,0,0
"710",2023,34,"rsv",0,0,0,0,0,0,0,0,0,0,0,0,0,0,0,0,0,0
"711",2023,35,"rsv",0,0,0,0,0,0,0,0,0,0,0,0,0,0,0,0,0,0
"712",2023,36,"rsv",0,0,0,0,0,0,0,0,0,0,0,0,0,0,0,0,0,0
"713",2023,37,"rsv",0,0,0,0,0,0,0,0,0,0,0,0,0,0,0,0,0,0
"714",2023,38,"rsv",0,0,0,0,0,0,0,0,0,0,0,0,0,0,0,0,0,0
"715",2023,39,"rsv",0,0,0,0,0,0,0,0,0,0,0,0,0,0,0,0,0,0
"716",2023,40,"rsv",0,0,0,0,0,0,0,0,0,0,0,0,0,0,0,0,0,0
"717",2023,41,"rsv",0,0,0,0,0,0,0,0,0,0,0,0,0,0,0,0,0,0
"718",2023,42,"rsv",0,0,0,0,0,0,0,0,0,0,0,0,0,0,0,0,0,0
"719",2023,43,"rsv",0,0,0,0,0,0,0,0,0,0,0,0,0,0,0,0,0,0
"720",2023,44,"rsv",0,0,0,0,0,0,0,0,0,0,0,0,0,0,0,0,0,0
"721",2023,45,"rsv",0,0,0,0,0,0,0,0,0,0,0,0,0,0,0,0,0,0
"722",2023,46,"rsv",0,0,0,0,0,0,0,0,0,0,0,0,0,0,0,0,0,0
"723",2023,47,"rsv",0,0,0,0,0,0,0,0,0,0,0,0,0,0,0,0,0,0
"724",2023,48,"rsv",0,0,0,0,0,0,0,0,0,0,0,0,0,0,0,0,0,0
"725",2023,49,"rsv",0,0,0,0,0,0,0,0,0,0,0,0,0,0,0,0,0,0
"726",2023,50,"rsv",0,0,0,0,0,0,0,0,0,0,0,0,0,0,0,0,0,0
"727",2023,51,"rsv",0,0,0,0,0,0,0,0,0,0,0,0,0,0,0,0,0,0
"728",2023,52,"rsv",0,0,0,0,0,0,0,0,0,0,0,0,0,0,0,0,0,0
